objname,pgc,objtype,al1950,de1950,al2000,de2000,l2,b2,sgl,sgb,f_astrom,type,bar,ring,multiple,compactness,t,e_t,agnclass,logd25,e_logd25,logr25,e_logr25,pa,brief,e_brief,ut,e_ut,bt,e_bt,vt,e_vt,it,e_it,kt,e_kt,m21,e_m21,mfir,ube,bve,vmaxg,e_vmaxg,vmaxs,e_vmaxs,vdis,e_vdis,vrad,e_vrad,vopt,e_vopt,v,e_v,ag,ai,incl,a21,logdc,btc,itc,ubtc,bvtc,bri25,vrot,e_vrot,mg2,e_mg2,m21c,hic,vlg,vgsr,vvir,v3k,modz,e_modz,mod0,e_mod0,modbest,e_modbest,mabs,e_mabs
ESO489-007,18455,G ,6.100422,-23.9833382,6.1348715,-23.9918985,230.468766,-19.7716001,257.6724371,-76.2155946,0,,,,,,,,,0.832,0.054,0.115,0.032,10.74,19.146,0.655,,,14.932,0.422,,,13.335,0.096,11.457,0.234,,,,,,,,,,167.8,11.59,,,14668.9,34.7,14668.9,34.7,0.183,,40.72,0.02,,14.602,13.255,,,22.83,,,,,,,14457.8,14492.8,14420.4,14768.9,36.636,0.075,,,36.636,0.075,-22.033,0.429
ESO508-075,46959,G ,13.3801854,-24.3924876,13.4259386,-24.652353,312.7239673,37.5698556,142.1864878,0.1895686,0,Sc,,,,,5,2,,0.896,0.066,0.539,0.055,172.82,20.763,0.49,,,15.998,0.198,,,15.73,1.175,11.722,0.085,,,13.538,,,166,2.7,,,,,,,9939,32.2,9939,32.2,0.354,0.891,77.8,0.08,0.907,14.697,15.574,,,23.216,169.84,2.79,,,,,9733.4,9813,9896.8,10236,35.807,0.11,35.44,0.05,35.503,0.184,-20.806,0.27
ESO510-031,49713,G ,13.9248292,-23.1286468,13.9714355,-23.3716493,322.2278619,36.9826457,143.430306,7.669463,0,Sb,,,,,2.7,1.5,,0.95,0.092,0.286,0.049,75.23,22.583,0.337,,,15.732,0.188,,,13.86,0.077,12.216,0.152,,,,,,,,,,,,,,11019.2,39.2,11019.2,39.2,0.314,0.394,62.65,0.04,0.968,14.942,13.722,,,23.773,,,,,,,10841.5,10915.6,10999.6,11288.7,36.038,0.099,,,36.038,0.099,-21.097,0.213
ESO525-004,63175,G ,19.354352,-26.0833744,19.4055512,-25.9849533,12.5069193,-18.3134698,216.2607219,47.7006756,0,SABa,B,R,,,2.2,1.8,,1.039,0.04,0.183,0.025,91.99,,,,,14.75,0.5,,,12.895,0.094,10.836,0.107,,,,,,,,,,,,,,6093,28,6093,28,0.383,0.238,51.89,0.03,1.067,14.068,12.726,,,23.409,,,,,,,6149.4,6146.8,6091,5931.7,34.738,0.178,34.61,0.059,34.623,0.056,-20.555,0.503
ESO527-011,64161,G ,20.0917325,-25.605091,20.1419889,-25.4585556,16.7891438,-27.4649009,230.2357237,45.1105043,0,SABc,B,R,,,4.9,0.8,,1.136,0.029,0.358,0.019,172.17,,,,,14.77,0.397,,,12.467,0.406,10.676,0.087,,,12.285,0.48,0.88,208.61,3.65,,,,,,,8346.2,37.9,8346.2,37.9,0.612,0.6,66.69,0.04,1.18,13.513,12.198,,,23.521,227.16,4.02,,,,,8423,8410,8331.1,8133.8,35.423,0.131,,,35.423,0.131,-21.91,0.418
ESO538-008,73036,G ,23.916103,-22.2789537,23.9589393,-22.0005426,52.7202054,-76.7254211,271.2357565,6.8971921,0,Sb,,,,,3,0.4,,0.836,0.055,0.25,0.054,69.78,22.88,0.799,,,16.451,0.602,,,12.835,0.084,10.378,0.069,,,,,,,,,,,,,,10095.9,31,10095.9,31,0.107,0.363,58.85,0.03,0.836,15.905,12.788,,,23.957,,,,,,,10172.6,10132.7,9970.4,9778.7,35.817,0.109,,,35.817,0.109,-19.912,0.612
ESO538-013,73098,G ,23.9327312,-18.9923966,23.97552,-18.7139731,64.8287404,-75.2115592,274.4330253,7.7920162,1,Sab,,,,,2,1.4,,1.031,0.041,0.322,0.023,24.48,22.543,0.311,,,15.477,0.21,,,13.475,0.079,11.807,0.099,,,,,,,,,,,,,,10206,37,10206,37,0.095,0.39,66.72,0.04,1.027,14.89,13.433,,,23.919,,,,,,,10298.2,10253.8,10094.2,9879.6,35.844,0.108,35.959,0.023,35.959,0.023,-21.069,0.212
ESO544-031,8610,G ,2.2124772,-20.9999927,2.2512796,-20.7677367,199.0123703,-69.8912154,280.283639,-23.8334521,0,Sa,,,,,1.4,1.3,,0.981,0.04,0.306,0.027,6.24,21.744,0.302,,,15.402,0.217,,,13.115,0.079,10.92,0.13,,,,,,,,,,280,18.65,,,15903.8,30,15903.8,30,0.076,0.306,66.31,0.04,0.976,14.821,13.081,,,23.681,,,,,,,15894.7,15868.4,15707.8,15680.5,36.827,0.069,35.94,0.18,36.713,0.443,-21.891,0.494
ESO545-038,9874,G ,2.561926,-17.4801164,2.6010021,-17.2628739,196.1755009,-63.9203695,284.9740063,-28.2061113,0,Sbc,,R,,,3.9,2.5,,1.017,0.044,0.3,0.028,164.5,24.409,1.303,,,14.5,0.2,,,13.865,0.075,12.083,0.093,,,12.985,,,,,,,,,,,4666,24,4666,24,0.11,0.474,62.79,0.04,1.015,13.885,13.816,,,22.79,,,,,,,4654.2,4627.5,4474.5,4459,34.073,0.243,35.98,0.04,35.98,0.04,-22.095,0.204
ESO552-052,16595,G ,4.9977755,-21.2079765,5.0335292,-21.137,221.5458234,-33.085087,280.6805447,-62.6930539,0,E-S0,,,,,-3.2,1.2,,1.144,0.045,0.149,0.023,67.47,20.652,0.759,,,13.941,0.103,13.041,0.103,12.123,0.079,10.313,0.07,,,,,0.92,,,,,146.42,11.68,,,4591.3,25.7,4591.3,25.7,0.118,0,57.34,0.03,1.154,13.754,12.071,,0.824,23.391,,,0.273,0.01,,,4438.8,4452.9,4350,4593.1,34.013,0.25,34.055,0.062,34.055,0.062,-20.3,0.12
ESO554-033,17795,G ,5.7390249,-17.7991569,5.7757861,-17.7814722,222.2785521,-22.0867367,286.8142767,-73.4843251,0,Sbc,,,,,4.4,3,,1.008,0.041,0.521,0.029,100.95,21.967,0.312,,,15.78,0.2,,,14.405,0.072,12.349,0.413,,,,,,,,,,,,,,7494.8,60,7494.8,60,0.311,0.83,77.67,0.08,1.016,14.59,14.268,,,23.624,,,,,,,7318.2,7341.4,7266.1,7561.6,35.13,0.15,,,35.13,0.15,-20.541,0.25
ESO563-031,24913,G ,8.8333893,-17.5553359,8.8717611,-17.7444637,243.6906321,16.7161129,124.812125,-61.8724083,0,S0,B,,,,-2,0.4,,1.186,0.038,0.131,0.025,123.49,21.666,0.539,,,14.043,0.295,,,10.879,0.193,9.155,0.044,,,,,,,,,,116.52,4.91,,,1699.3,14.1,1699.3,14.1,0.846,0,49.92,0.02,1.277,13.172,10.507,,,23.709,,,0.266,0.009,,,1429.7,1498.3,1527.7,2000.1,31.754,0.71,,,31.754,0.71,-18.582,0.769
ESO567-057,30320,G ,10.3234069,-19.2421819,10.3633723,-19.4948302,261.0403348,30.9464765,128.8809432,-40.7548877,0,Sab,,,,,1.7,2,,0.964,0.068,0.406,0.047,90.7,21.5,0.365,,,15.07,0.186,,,13.145,0.08,10.863,0.071,,,13.067,,,,,,,,,,,5954.8,20.8,5954.8,20.8,0.268,0.44,74.6,0.06,0.973,14.302,13.027,,,23.107,,,,,,,5678.9,5760.6,5826.5,6307.8,34.647,0.186,,,34.647,0.186,-20.345,0.263
ESO571-015,36245,G ,11.6409516,-22.199923,11.6829868,-22.4772664,282.2789301,37.55252,134.6812171,-22.6994439,0,Sb,,,,,3.5,1,,1.188,0.029,0.75,0.025,34.05,,,,,15.92,0.5,,,13.592,0.111,11.007,0.09,15.5,0.102,,,0.9,195.08,3.02,,,,,7086.8,4.8,7138.1,39.2,7087.6,5.5,0.241,1.037,90,0.83,1.18,14.589,13.486,,,24.411,195.08,,,,14.674,0.084,6827.5,6913.6,6995.2,7441.2,35.042,0.155,,,35.042,0.155,-20.452,0.524
ESO573-014,39920,G ,12.3110304,-21.7183576,12.3543886,-21.9957355,293.7428716,40.3370365,135.8903896,-13.437613,0,Sc,,,,,6,2.2,,0.834,0.077,0.217,0.038,95.8,,,,,15.78,0.5,,,14.171,0.066,12.635,0.077,16.856,0.112,,,0.88,101.98,1.68,,,,,6854.5,5,6901,34.2,6855.5,5.9,0.219,0.384,53.93,0.03,0.846,15.146,14.075,,,23.262,126.16,2.2,,,16.828,1.682,6616.5,6700.9,6789.9,7197.1,34.976,0.16,35.118,0.021,35.118,0.021,-19.972,0.5
ESO576-040,46574,G ,13.3002429,-21.789166,13.3454905,-22.0510692,311.8446222,40.3132477,139.3740953,-0.1005719,0,SBcd,B,,,,6.7,0.9,,1.345,0.026,0.58,0.028,158.33,23.172,1.11,,,14.686,0.198,,,12.982,0.057,11.784,0.255,14.378,0.138,,,0.97,76.16,1.17,,,,,2085.4,2.9,2091.4,16.4,2085.6,2.2,0.488,1.023,78.01,0.08,1.367,13.167,12.767,,,24.01,77.86,1.2,,,14.297,1.131,1884.1,1962.9,2053.6,2390.1,32.384,0.528,32.325,0.045,32.325,0.045,-19.158,0.203
ESO576-054,47006,G ,13.3903897,-19.5171195,13.4354977,-19.7767178,314.001431,42.3481708,137.573436,1.775988,0,E-S0,B,,,,-2.9,0.6,,0.957,0.043,0.183,0.026,43.73,19.952,0.325,,,14.85,0.297,,,,,10.66,0.057,,,,,,,,,,235.9,11.39,,,7102.6,32.8,7102.6,32.8,0.366,0,62.83,0.04,0.997,14.378,,,,23.36,,,,,,,6911.9,6988.6,7084.8,7405.4,35.067,0.153,,,35.067,0.153,-20.69,0.334
ESO578-026,50478,G ,14.0984351,-21.3605927,14.145,-21.5971667,325.8425154,37.8132411,142.6402103,10.5549758,0,SBc,B,R,,,4.6,0.7,,1.214,0.038,0.237,0.029,73.46,,,,,14.545,0.407,,,12.855,0.071,10.562,0.356,15.162,0.185,13.6,,,91.57,5.06,,,,,8738.8,10.5,8719.9,21,8735,8.6,0.347,0.397,56.54,0.03,1.237,13.752,12.702,,,23.911,109.77,6.13,,,15.131,1.379,8571.1,8642.3,8729.4,8995.9,35.53,0.124,,,35.53,0.124,-21.778,0.426
ESO579-022,51410,G ,14.3481929,-19.2173882,14.3946944,-19.4438611,331.0280434,38.3437174,141.9634371,14.6172879,0,Sa,,R,,,1,2,,1.019,0.042,0.067,0.026,87.66,,,,,15.86,0.5,,,13.325,0.079,11.251,0.201,16.96,0.092,,,,71.73,3.81,,,,,10832,6.1,10814,95,10831.9,4.8,0.421,0.064,33,0.02,1.056,15.24,13.14,,,24.619,131.69,7.37,,,16.938,1.699,10687.3,10754.3,10844.1,11078.4,36.004,0.1,,,36.004,0.1,-20.764,0.51
ESO580-044,53034,G ,14.8056907,-21.1844105,14.8532857,-21.3898839,336.7958462,33.4902901,146.6352713,19.6593373,0,Sc,,,,,5,2,,0.864,0.048,0.154,0.024,,22.917,0.317,,,15.558,0.202,,,13.805,0.076,12.135,0.136,,,,,,,,,,,,,,16227,32.3,16227,32.3,0.507,0.265,46.75,0.02,0.906,14.697,13.582,,,23.323,,,,,,,16098.8,16161.5,16240.3,16439.9,36.899,0.067,,,36.899,0.067,-22.202,0.213
ESO601-005,67855,G ,21.980829,-21.7525035,22.0272183,-21.5112162,31.7157398,-51.0906313,258.5929527,31.0281122,0,Sb,,,,,3.4,1.3,,1.22,0.027,0.731,0.024,65.38,21.825,0.702,,,15.087,0.198,,,13.097,0.063,11.021,0.086,15.48,0.092,,,0.92,145.32,2.24,,,,,5189.7,7.1,5185.7,26,5189.4,4.9,0.146,1.003,90,0.83,1.204,13.899,13.033,,,23.776,145.32,,,,14.654,0.755,5301.7,5265.4,5137,4879.7,34.37,0.211,,,34.37,0.211,-20.471,0.289
IC0126,5577,G ,1.4541742,-2.2416557,1.4966264,-1.98375,144.624912,-63.228413,296.8901847,-8.9062756,0,,,,,,,,,0.95,0.052,0.04,0.026,,22.79,0.306,,,15.658,0.319,,,13.262,0.076,11.092,0.207,,,,,,,,,,147.9,41.76,,,5903.2,50.6,5903.2,50.6,0.169,,24.69,0.02,,15.43,13.188,,,24.146,,,,,,,6011,5954.1,5811.9,5602.3,34.632,0.188,34.306,0.026,34.306,0.026,-18.877,0.32
IC0390,15844,G ,4.6606049,-7.3006445,4.7010878,-7.206382,204.0907305,-31.9765445,307.2683346,-56.3840992,0,S0-a,B,,,,-0.8,1,,1.056,0.045,0.451,0.027,35.42,,,,,15.48,0.491,,,12.865,0.079,10.499,0.07,,,,,,,,,,,,,,4720.4,29.6,4720.4,29.6,0.493,0,90,0.83,1.084,14.917,12.648,,,24.409,,,,,,,4635.8,4629.4,4536.1,4679.2,34.093,0.24,,,34.093,0.24,-19.177,0.546
IC0522,25009,G ,8.8459419,57.3571454,8.9096988,57.1667243,159.7923228,39.0594576,42.5506981,-13.0036332,0,S0,,R,,,-1.9,0.5,,1.094,0.065,0.085,0.039,165.44,21.519,0.572,15.388,0.269,13.865,0.219,,,12.476,0.076,10.001,0.046,,,,,,,,,,149.46,12.05,,,5065.5,2,5065.5,2,0.205,0,40.02,0.02,1.113,13.584,12.385,,,23.077,,,0.24,0.009,,,5148.1,5125.6,5246.5,5192.9,34.421,0.207,34.18,0.041,34.18,0.041,-20.596,0.223
IC0577,28662,G ,9.8899213,10.7366791,9.9344367,10.4988569,226.2476328,45.5807902,89.0019194,-38.089493,0,Sc,,,,,4.8,1.8,,0.791,0.056,0.037,0.023,,21.015,0.243,16.106,0.344,14.583,0.41,,,13.967,0.126,11.578,0.102,16.92,0.189,,,,131.25,6.08,,,171.92,45.24,9037,3.6,9002.4,3.2,9017.2,12.1,0.12,0.063,23.74,0.02,0.801,14.351,13.915,,,22.209,326.05,16.77,,,16.898,2.547,8850.3,8900.6,9012.8,9351,35.593,0.12,,,35.593,0.12,-21.241,0.428
IC0582,28838,G ,9.9376286,18.0568081,9.9833931,17.8171826,216.8544218,49.2973509,81.7819758,-33.6302552,0,Sb,,,,,3.2,2.1,,0.989,0.082,0.031,0.044,,21.879,0.275,15.388,0.272,14.574,0.296,,,13.36,0.114,11.012,0.084,15.973,0.242,12.362,,,109.68,6.61,,,,,7646,5.1,7626.4,3.4,7632.5,6.6,0.145,0.048,22.2,0.02,1.001,14.324,13.296,,,23.202,290.28,20.8,,,15.952,1.628,7501.3,7542.4,7665.5,7951.3,35.24,0.142,34.59,0.2,35.023,0.325,-20.699,0.439
IC0603,30166,G ,10.2816873,-5.4048266,10.3236222,-5.6561944,248.937128,40.7618077,110.9691714,-38.920844,0,SBa,B,R,,,0.6,0.9,,1.117,0.043,0.222,0.036,174.33,,,,,14.887,0.445,,,,,10.492,0.087,,,,,,,,,,,,,,5415.1,32.4,5415.1,32.4,0.216,0.162,58.51,0.03,1.128,14.442,,,,24.004,,,,,,,5182.7,5253.2,5347.8,5775.7,34.455,0.203,,,34.455,0.203,-20.013,0.489
IC0708,35720,G ,11.5211853,49.3384557,11.5664554,49.0621064,152.0240295,63.461248,64.3857194,-0.7943634,0,E,,,,,-5,0.5,,1.175,0.071,0.183,0.069,139.69,21.388,0.835,15.889,0.039,14.127,0.263,,,12.783,0.082,10.138,0.075,16.539,0.266,,,,181.46,11.61,,,273.06,11.71,9471,10.9,9483.3,2,9483,,0.085,0,90,0.83,1.181,13.9,12.745,,,23.844,181.46,,0.312,0.018,15.713,1.813,9535.7,9534.3,9695.9,9689,35.76,0.112,,,35.76,0.112,-21.86,0.286
IC0807,42635,G ,12.6597357,-17.1295641,12.7034708,-17.4035694,299.7947689,45.4119719,132.4673286,-7.6019731,0,E-S0,,,,,-2.9,1.1,,1.053,0.116,0.208,0.081,,21.331,0.274,,,14.605,0.501,,,12.459,0.095,10.147,0.099,,,,,,,,,,157.5,14.8,,,10952.7,31,10952.7,31,0.185,0,67.55,0.04,1.068,14.256,12.378,,,23.586,,,,,,,10739.4,10819.5,10921.5,11289.5,36.021,0.1,35.06,0.29,35.92,0.481,-21.664,0.694
IC0867,46283,G ,13.2484137,20.9012183,13.2888307,20.638068,346.6541639,81.2199978,97.782963,10.5445812,0,Sc,B,,M,,5.2,0.5,,1.105,0.043,0.153,0.029,18.27,23.936,0.337,15.787,0.234,14.916,0.65,,,13.298,0.233,11.225,0.178,16.449,0.188,,,,85.84,3.27,,,,,6874.5,3.6,6856,2.3,6861.4,6.2,0.121,0.265,46.53,0.02,1.11,14.492,13.245,,,23.884,118.28,4.64,,,16.427,1.935,6826.1,6861.5,7027.9,7139.1,35.055,0.154,,,35.055,0.154,-20.562,0.668
IC1129,55330,G ,15.5281261,68.4139875,15.5335611,68.2463611,104.0202441,42.504993,45.512342,28.5025913,0,Sc,,,,,5.9,0.4,,1.004,0.088,0.069,0.048,3.28,,,13.771,0.015,13.722,0.295,13.503,0.013,,,11.605,0.112,16.084,0.272,12.797,-0.028,0.518,55.42,2.45,,,,,6543.4,4.7,6542,8.6,6543.1,3.1,0.119,0.123,32.08,0.02,1.013,13.451,,-0.195,0.32,22.348,104.35,5.15,,,16.062,2.612,6756.3,6712.2,6848.3,6559.1,34.989,0.158,33.56,0.19,34.403,0.715,-20.953,0.773
IC1277,61491,G ,18.1426674,30.9915498,18.1742444,31.0031111,57.6848946,21.7501506,58.1505988,71.6290332,0,Sc,,,,,5.8,0.6,,0.992,0.051,0.163,0.036,20.55,,,,,14.95,0.32,,,,,11.959,0.231,15.791,0.151,,,,103.07,2.95,,,,,8397.4,6.5,7003,18,8397.4,6.5,0.274,0.287,47.63,0.02,1.011,14.351,,,,23.331,139.5,4.18,,,15.77,1.419,8628.1,8586.5,8666.9,8294.5,35.509,0.125,,,35.509,0.125,-21.159,0.343
IC1427,67948,G ,22.0194877,14.8642504,22.0597639,15.1067778,73.837037,-31.336668,302.3467101,44.6448071,0,E,,,,,-4.9,0.3,,1.056,0.089,0.136,0.058,103.34,,,,,15.185,0.281,,,,,10.25,0.089,,,,,,,,,,,,,,7725,56,7725,56,0.189,0,68.23,0.05,1.08,14.88,,,,24.316,,,,,,,7990.8,7913.8,7845.3,7374.2,35.287,0.139,,,35.287,0.139,-20.407,0.313
IC1468,70429,G ,23.0424621,-3.4746569,23.0854389,-3.2045556,71.5946442,-55.1033566,285.0563034,25.3573926,0,S0-a,B,,,,-0.6,1.5,,1.026,0.049,0.34,0.028,171.23,,,,,15.25,0.5,,,,,10.838,0.047,,,,,,,,,,,,,,9613,65,9613,65,0.205,0,76.26,0.07,1.031,14.901,,,,24.052,,,,,,,9799,9734.8,9608.1,9248.8,35.741,0.114,36.045,0.04,36.012,0.152,-21.111,0.523
IC1481,71070,G ,23.2812658,5.6324186,23.3236389,5.9061944,85.5659526,-50.1691737,295.8170842,24.569226,0,Sd,,,,,8,2,S3,0.863,0.121,0.048,0.057,45,,,,,14.473,0.318,14.4,0.1,,,10.658,0.063,16.948,0.243,12.943,,,84.86,5.03,,,,,6068,5,6126,35.2,6069.1,6.6,0.332,0.088,29.28,0.02,0.892,14.038,,,,22.429,173.52,11.9,,,16.927,2.888,6286.3,6212.4,6098.2,5699.4,34.738,0.178,,,34.738,0.178,-20.7,0.364
IC1735,6803,G ,1.7994536,32.845039,1.8476945,33.0922727,137.0317042,-28.1472211,331.9683754,-2.6798498,0,S0,,,,,-1.8,0.9,,0.927,0.056,0.09,0.028,156.7,21.959,0.345,17.049,0.019,15.072,0.5,,,13.546,0.077,11.055,0.074,,,,,,,,,,182.73,14.06,,,11365.4,2.6,11365.4,2.6,0.2,0,41.12,0.02,0.945,14.701,13.458,,,23.447,,,,,,,11575.6,11495.7,11436.9,11104.8,36.122,0.095,35.747,0.083,35.911,0.187,-21.21,0.534
IC1844,10448,G ,2.7203251,3.0213243,2.7637,3.2310278,169.6596445,-48.9800638,307.9548517,-25.5647085,0,Sbc,,,,,4,2,,0.975,0.053,0.412,0.027,97.03,22.112,0.382,,,14.987,0.292,,,,,11.326,0.065,16.15,0.297,13.149,,,145.21,5.22,,,,,6809.3,4.2,6846,275,6809.3,3.3,0.164,0.646,71.27,0.05,0.974,14.132,,,,22.873,153.33,5.55,,,16.098,1.966,6873.7,6825.6,6705.5,6589,34.949,0.162,34.776,0.055,34.794,0.087,-20.661,0.305
IC1956,13279,G ,3.5485353,4.9016509,3.5925444,5.0670278,180.1409805,-38.9390076,315.2238818,-36.4532052,0,Sbc,B,,,,4,0.5,,1.119,0.039,0.449,0.027,32.75,,,,,15.527,0.323,,,,,10.644,0.052,16.205,0.234,12.814,,,176.37,5.35,,,,,6406.7,5.3,6400,6,6403.7,3.7,1.06,0.7,73.73,0.06,1.2,13.727,,,,24.072,183.73,5.6,,,16.145,2.418,6429.8,6391.9,6291.1,6250.9,34.81,0.172,,,34.81,0.172,-21.084,0.366
IC2531,28909,G ,9.9613423,-29.3772225,9.9987513,-29.6176268,263.9257915,19.9757137,142.9456632,-45.4595805,0,Sc,,,,,5,0.5,,1.815,0.012,1.041,0.036,75.01,23.249,1.241,12.324,0.154,12.894,0.154,12.225,0.069,10.887,0.064,8.488,0.14,13.558,0.103,,0.49,0.91,228.34,3.16,,,,,2474.2,2.9,2474,5,2474.2,1.7,0.358,1.606,90,0.83,1.807,10.917,10.73,-0.833,0.603,23.896,228.34,,,,12.732,1.815,2174.1,2258.9,2292.7,2800,32.623,0.473,32.757,0.259,32.726,0.227,-21.809,0.275
IC3284,40400,G ,12.3680863,11.1160092,12.4104306,10.8390738,280.4799704,72.5317038,103.9302678,-4.2490194,0,SBab,B,R,,,1.8,2,,0.743,0.067,0.044,0.027,,23.407,0.481,16.364,0.253,15.25,0.315,,,14.306,0.141,11.979,0.105,,,,,,,,,,,,,,7846.2,3.4,7846.2,3.4,0.16,0.054,26.57,0.02,0.757,14.958,14.236,0.108,,22.644,,,,,,,7731.4,7784.9,7939.2,8180.5,35.322,0.137,35.787,0.031,35.787,0.031,-20.829,0.316
IC3772,43123,G ,12.7422766,36.803758,12.7822485,36.5309407,128.4490328,80.5490868,80.5788462,7.6947595,0,Sbc,B,,,,4.2,2.1,,0.918,0.151,0.203,0.073,,22.218,0.423,16.758,0.148,15.585,0.272,,,14.342,0.076,12.279,0.137,15.001,0.42,13.616,,,13.19,0.78,,,,,,,12151,1.8,12151,1.8,0.075,0.332,53.03,0.03,0.917,15.098,14.309,,,23.542,16.51,1.01,,,14.973,-0.125,12171.4,12186.8,12359.5,12394.6,36.295,0.088,,,36.295,0.088,-21.197,0.286
IC4062,44836,G ,12.9775917,40.1278473,13.0162856,39.8589374,114.6957623,77.116443,77.8970639,11.1127735,0,SABb,B,,,,4.2,3,,0.579,0.371,0,0.081,,,,,,14.89,0.032,,,,,13.49,0.1,,,,,,,,,,292.49,25,,,10848.8,4.1,10848.8,4.1,0.063,0,0,0.02,0.585,14.756,,,,21.525,,,,,,,10892.6,10901.7,11074.4,11070.8,36.055,0.098,35.38,0.2,35.924,0.338,-21.168,0.339
IC4221,46366,G ,13.2641335,-14.3460905,13.3084292,-14.608875,312.6952904,47.7491059,132.0968938,1.5482136,0,SBc,B,R,,,4.7,1.4,,1.187,0.076,0.337,0.04,167,,,,,13.58,0.5,,,,,10.341,0.121,15.28,0.092,12.998,,,94.86,3.48,,,,,2898.1,3.8,2889,3,2892.5,3.6,0.352,0.559,65.24,0.04,1.207,12.653,,,,22.63,104.46,3.88,,,15.24,2.587,2713.1,2787.2,2896.2,3206.1,33.129,0.375,,,33.129,0.375,-20.476,0.625
IC4229,46717,G ,13.3309667,-2.1574505,13.373936,-2.4185821,318.3359513,59.5228853,120.6540644,5.9332615,0,Sb,B,R,M,,2.9,0.6,,0.902,0.053,0.077,0.026,,20.949,0.529,15.789,0.097,14.303,0.286,,,13.32,0.058,10.87,0.078,16.072,0.245,12.96,,,62.24,5.07,,,,,6962,8.5,6952.2,2.8,6953.2,2.8,0.148,0.114,34.48,0.02,0.913,13.988,13.255,,,22.425,109.95,9.23,,,16.051,2.062,6821.8,6884.4,7019.1,7263.9,35.055,0.155,,,35.055,0.155,-21.066,0.325
IC4239,46872,G ,13.3683335,31.2194895,13.4070689,30.9593108,62.8773218,81.8394003,87.7566608,14.1768778,0,S0-a,B,R,,,0,1.1,,0.945,0.05,0.143,0.029,132.29,22.785,0.745,16.459,0.352,15.194,0.286,,,13.793,0.079,11.494,0.12,16.515,0.257,,,,246.01,6.24,,,,,14501,6.2,14539.2,4.8,14525,13.4,0.065,0.06,48.36,0.02,0.946,14.851,13.765,,,23.573,329.19,8.76,,,16.494,1.643,14541.9,14561.8,14733.6,14765.7,36.682,0.074,37.11,0.076,36.889,0.214,-22.038,0.357
IC4252,47150,G ,13.4115814,-27.0657056,13.4577923,-27.3247384,312.691709,34.8633174,144.8641341,-0.2057344,0,E-S0,,,,,-3.1,0.6,,1.3,0.035,0.266,0.026,135.18,22.048,0.364,,,14.137,0.088,13.05,0.1,11.94,0.077,9.895,0.097,,,,,,,,,,310.01,9.58,,,13564.9,23.1,13564.9,23.1,0.232,0,90,0.83,1.32,13.701,11.838,,,24.344,,,0.318,0.007,,,13353.3,13434,13510.5,13856,36.493,0.08,,,36.493,0.08,-22.791,0.119
IC4423,51549,G ,14.400979,26.4705164,14.4382494,26.2461703,35.9688282,68.8249177,94.5981614,27.0384228,0,Sbc,,,,,4.2,2.5,,1.008,0.044,0.25,0.024,71.26,,,,,15.447,0.32,,,,,11.355,0.106,16.49,0.21,,,,193.46,5.52,,,,,9071.7,3.4,9115,68,9071.8,2,0.082,0.406,57.98,0.03,1.005,14.9,,,,23.769,228.17,6.61,,,16.458,1.558,9113.2,9130.2,9292.6,9269.7,35.663,0.117,35.971,0.039,35.939,0.154,-21.039,0.355
NGC0105,1583,G ,0.3781801,12.6069637,0.4213306,12.8838333,113.0915568,-49.4874592,307.0272877,10.4739706,0,Sab,,,M,,1.7,0.7,,0.909,0.12,0.096,0.057,169.66,,,,,13.914,0.023,13.204,0.023,,,10.386,0.049,15.948,0.297,12.911,,,147.05,5.1,,,,,5168,5.3,5290,26,5172.8,17.2,0.319,0.114,38.76,0.02,0.936,13.43,,,0.578,22.068,234.87,9.12,,,15.927,2.497,5381.9,5303.8,5192.4,4823.1,34.387,0.209,33.882,0.049,33.882,0.049,-20.452,0.054
NGC0232,2559,G ,0.6714618,-23.8351896,0.7127052,-23.5612956,93.6702733,-85.9302515,272.9466305,-3.5011997,0,SBa,B,R,,,1.1,0.5,,0.992,0.041,0.144,0.026,17.18,20.854,0.316,,,14.455,0.177,,,,,9.946,0.071,16.85,0.266,10.608,,,135.52,10.7,,,,,6675,10.9,6768,32.9,6684.2,21,0.083,0.137,47.43,0.02,0.994,14.151,,,,22.989,184,14.73,,,16.829,2.677,6728.6,6693.6,6525.4,6391.5,34.895,0.166,34.6,0.03,34.6,0.03,-20.449,0.18
NGC0252,2819,G ,0.7557443,27.3515496,0.8004091,27.6241627,122.0061826,-35.241414,322.8202851,8.7170718,0,S0-a,,R,,,-1.2,0.7,,1.209,0.066,0.146,0.049,81.66,20.945,0.389,,,13.351,0.246,,,,,9.062,0.035,16.079,0.154,,,,265.1,7.69,,,223.63,12.36,4939,3.4,4924,25.3,4938.8,2.5,0.261,0,50.88,0.03,1.229,13.016,,,,23.106,341.69,10.6,0.306,0.008,16.052,3.037,5176.7,5091.5,5015.5,4621.1,34.317,0.216,34.435,0.028,34.435,0.028,-21.419,0.248
NGC0382,3981,G ,1.0772237,32.136887,1.1232637,32.4037793,126.8348667,-30.3469637,328.5190201,5.8088723,0,E,,,M,,-4.8,0.6,,0.382,0.247,0.027,0.054,,19.319,0.389,,,14.483,0.228,,,12.715,0.306,9.06,0.1,,,,0.53,1.04,,,31,5,177.72,7.56,,,5222.9,9.2,5222.9,9.2,0.304,0,27.32,0.02,0.429,14.101,12.581,,,20.269,,,0.276,0.001,,,5460,5375,5311.8,4927.7,34.438,0.204,34.25,0.017,34.25,0.017,-20.15,0.229
NGC0410,4224,G ,1.1367236,32.8866095,1.1830409,33.1522335,127.6335214,-29.5409848,329.442656,5.2765444,0,E,B,,,,-4.3,0.8,,1.374,0.03,0.169,0.03,33.79,22.106,0.26,13.078,0.062,12.518,0.062,11.478,0.062,10.325,0.306,8.401,0.036,,,,0.56,1.055,,,31.79,16.89,291.76,5.43,,,5276.3,9.7,5276.3,9.7,0.254,0,70.93,0.05,1.405,12.185,10.213,0.526,0.933,23.232,,,0.345,0.003,,,5512.8,5427.9,5366.9,4985.2,34.455,0.202,,,34.455,0.202,-22.27,0.211
NGC0477,4915,G ,1.3075565,40.2266104,1.3556544,40.4882148,129.0591845,-22.027465,337.097246,5.2724355,0,Sc,B,,,,5,0.4,,1.191,0.048,0.45,0.028,135.46,,,,,13.914,0.325,,,12.162,0.064,10.433,0.243,15.001,0.118,,,,150.18,4.73,,,,,5858.4,3.8,5867,69,5858.4,3,0.232,0.751,72.67,0.06,1.195,12.899,12.06,,,22.767,157.33,4.98,,,14.945,2.045,6102.9,6017.5,5978,5593.8,34.693,0.182,34.82,0.03,34.82,0.03,-21.921,0.326
NGC0495,5037,G ,1.335304,33.2093808,1.3822667,33.4703116,130.4359023,-28.9420262,330.4439939,2.9656267,0,S0-a,B,,,,0.2,0.9,,1.039,0.043,0.15,0.027,168.77,21.262,0.389,,,13.68,0.38,,,12.075,0.306,9.986,0.044,,,,,,,,34,5,169.08,15.72,4114,5.5,4076.2,8.9,4103.5,12.5,0.311,0.078,49.23,0.02,1.062,13.229,11.938,,,22.506,,,,,,,4333.2,4249.6,4189.8,3821.6,33.931,0.259,34.197,0.043,34.197,0.043,-20.968,0.383
NGC0523,5268,G ,1.3752657,33.765092,1.422441,34.0249907,130.9096953,-28.3208965,331.1220427,2.6492562,0,Sbc,,,M,,4.2,2.5,,1.401,0.064,0.549,0.069,103.7,,,13.696,0.066,13.496,0.066,12.706,0.066,,,9.722,0.028,15.2,0.092,12.25,,,226.18,6.66,,,,,4759.9,3.4,4819.6,28.3,4760.7,5.6,0.234,0.857,79.74,0.09,1.401,12.374,,0.046,0.604,23.273,229.86,6.82,,,15.107,2.733,4990.1,4906.6,4848.5,4481.8,34.245,0.224,34.319,0.04,34.319,0.04,-21.945,0.077
NGC0524,5222,G ,1.3694441,9.2786456,1.41325,9.5387778,136.5054626,-52.4516393,307.6785104,-4.4815033,0,S0-a,,,,,-1.2,0.6,,1.527,0.039,0.002,0.042,,21.524,0.344,12.004,0.217,11.404,0.217,10.354,0.217,,,7.193,0.042,,,13.309,0.64,1.07,,,124,7,236.69,4.5,,,2422.6,36.6,2422.6,36.6,0.357,0,5.47,0.02,1.563,11.011,,0.526,0.946,22.781,,,0.299,0.014,,,2579.4,2510.4,2390.2,2112.5,32.698,0.455,32.565,0.033,32.565,0.033,-21.554,0.22
NGC0632,6007,G ,1.5780588,5.6228956,1.6215288,5.8772368,143.1893541,-55.1807963,305.0551093,-8.5060666,1,S0-a,,,,,-1.3,1.7,,0.995,0.052,0.063,0.027,168.09,20.621,0.389,,,13.477,0.217,,,,,10.121,0.04,15.854,0.219,11.532,,,82.94,4.91,,,88.78,3.11,3155.2,5.2,3167.8,6,3160.6,5.2,0.139,0,33.97,0.02,1.007,13.291,,,,22.18,148.43,9.27,,,15.833,2.542,3293.9,3230.1,3103.1,2862,33.274,0.35,32.885,0.016,32.885,0.016,-19.594,0.217
NGC0634,6059,G ,1.5904247,35.1110157,1.6385124,35.3648745,133.600194,-26.5339482,333.2237336,0.5322247,0,Sa,,,,,1.1,0.5,,1.249,0.075,0.464,0.071,167.25,,,,,13.845,0.291,,,,,9.75,0.034,15.81,0.094,,,,223.91,6.12,,,,,4932.1,4.2,4940,51.8,4932.2,2.9,0.234,0.384,83.38,0.14,1.252,13.165,,,,23.352,225.41,6.25,,,15.667,2.501,5156.2,5073.8,5020.4,4666.2,34.317,0.216,34.399,0.046,34.399,0.046,-21.234,0.294
NGC0673,6624,G ,1.7618447,11.2729785,1.8062389,11.5215556,144.4573383,-48.9559392,311.3392139,-9.4129545,0,SABc,B,,,,5.3,0.6,,1.248,0.03,0.133,0.023,0.64,22.178,0.305,13.102,0.071,13.212,0.071,12.622,0.071,11.582,0.064,9.609,0.076,14.202,0.17,11.702,-0.015,0.665,146.47,3.23,,,,,5182.7,3.2,5241,45,5183,3.6,0.335,0.231,43.64,0.02,1.274,12.618,11.435,-0.207,0.454,22.933,212.22,4.91,,,14.181,1.563,5328.6,5261.5,5147.6,4895.2,34.37,0.211,34.198,0.048,34.198,0.048,-21.58,0.086
NGC0706,6897,G ,1.8203918,6.0502192,1.8640324,6.2968669,148.7515682,-53.5194493,306.5498252,-11.837015,0,Sc,,,,,4.6,1,,1.11,0.043,0.084,0.025,152.5,21.538,0.305,13.259,0.07,13.219,0.07,12.519,0.07,,,9.528,0.033,15.726,0.165,11.652,0.07,0.7,127.51,3.53,,,,,4992.5,3.3,5035.5,16.9,4994.1,6.2,0.252,0.142,35.32,0.02,1.13,12.798,,-0.039,0.594,22.351,220.56,6.57,,,15.705,2.906,5117.3,5055.5,4930.9,4709.8,34.281,0.22,,,34.281,0.22,-21.483,0.231
NGC0759,7397,G ,1.9146911,36.0997565,1.9640097,36.3429959,137.5965504,-24.6305989,335.5219434,-2.8344663,0,E,,,,,-4.8,0.4,,1.05,0.046,0.024,0.027,,21.638,0.32,14.383,0.07,13.833,0.07,12.733,0.07,11.335,0.306,9.167,0.043,,,13.251,0.53,1.05,,,0,5,266.18,9.86,,,4646.1,8.1,4646.1,8.1,0.383,0,25.92,0.02,1.11,13.38,11.166,0.478,0.97,22.958,,,0.256,0.005,,,4859.3,4779.3,4730.5,4398.4,34.189,0.229,34.163,0.034,34.163,0.034,-20.782,0.078
NGC0783,7657,G ,1.9700594,31.6410922,2.0184988,31.8823664,139.7768202,-28.7001626,331.6303347,-5.1334251,0,Sc,,,,,5.3,0.6,,1.139,0.038,0.263,0.035,63.31,,,,,12.724,0.323,,,,,9.692,0.055,15.391,0.158,12.102,,,22.1,1.15,,,101.06,9.27,5192.8,2.7,5194.4,4.6,5193.2,1.5,0.266,0.452,58.66,0.03,1.153,11.978,,,,21.654,25.87,1.36,,,15.358,3.381,5393.1,5315.2,5254.2,4939.3,34.421,0.207,33.941,0.038,33.941,0.038,-21.964,0.325
NGC0799,7741,G ,1.9940871,-0.3412071,2.0367603,-0.1006563,158.0039441,-58.0700315,301.0222053,-16.180773,0,SBa,B,R,M,,1.1,0.6,,1.232,0.036,0.073,0.024,,22.196,0.411,15.627,0.09,14.141,0.435,,,12.382,0.326,10.196,0.077,16.119,0.092,,,0.96,60.36,3.64,,,,,5849.7,4.3,5821.4,2.4,5828.1,8.6,0.116,0.074,34.44,0.02,1.24,13.878,12.331,,,23.953,106.74,6.69,,,16.098,2.219,5917.2,5863.7,5728.4,5558,34.601,0.189,34.502,0.038,34.502,0.038,-20.624,0.437
NGC0911,9221,G ,2.3759569,41.7311607,2.4284417,41.95625,141.1040143,-17.5649436,342.8755851,-5.4474077,0,E,,,,,-4.8,0.6,,1.228,0.073,0.302,0.058,115,,,,,13.949,0.247,,,,,9.878,0.05,,,,,,,,,,240.49,11.82,,,5765.8,15,5765.8,15,0.258,0,90,0.83,1.256,13.605,,,,23.906,,,0.331,0.005,,,5973.1,5895.9,5866.8,5555.2,34.662,0.185,34.709,0.049,34.706,0.047,-21.101,0.252
NGC0958,9560,G ,2.4697754,-3.1603167,2.5118838,-2.9390238,171.6768914,-56.1096071,300.2291314,-23.8128161,0,SBc,B,,,,4.9,0.5,,1.401,0.027,0.54,0.028,4.41,21.571,0.747,13.089,0.046,12.909,0.046,12.183,0.053,11.04,0.073,8.811,0.034,14.131,0.143,11.091,0.22,0.815,277.83,7.27,,,173,14.09,5738,3.2,5730.8,13,5737.6,2.6,0.131,0.888,77.97,0.08,1.392,11.859,10.982,0.046,0.573,22.659,284.07,7.46,,,14.052,2.193,5790.4,5745.6,5610.7,5503,34.553,0.193,34.453,0.066,34.463,0.063,-22.605,0.078
NGC0976,9776,G ,2.5195909,20.7578541,2.5666694,20.9767778,152.8394599,-35.8690464,324.4272454,-16.2201862,0,Sbc,,,,,4.1,0.6,,1.188,0.043,0.029,0.057,,21.171,0.305,13.39,0.06,13.23,0.06,12.41,0.06,,,9.142,0.038,15.008,0.157,11.689,0.26,0.905,146.26,3.36,,,,,4295.8,4,4332,23,4296.9,5.2,0.473,0.047,21.17,0.02,1.231,12.681,,0.046,0.679,22.856,405.03,15.91,,,14.987,2.306,4438.2,4372.1,4288.3,4063.3,33.972,0.253,33.39,0.016,33.39,0.016,-20.709,0.062
NGC1060,10302,G ,2.6705266,32.2130722,2.72085,32.4249401,148.7673476,-24.7772148,335.9719652,-12.9713788,0,E-S0,,,,,-3,0.5,,1.373,0.03,0.13,0.026,76.99,21.977,0.305,13.72,0.08,13.01,0.08,11.82,0.08,,,8.229,0.041,,,,0.74,1.19,,,,,289.31,16.64,,,5146.2,32.6,5146.2,32.6,0.841,0,52.91,0.03,1.477,12.092,,0.523,0.949,23.607,,,0.319,0.007,,,5316.4,5245.5,5193.2,4935.4,34.387,0.209,,,34.387,0.209,-22.295,0.224
NGC1139,10888,G ,2.8402586,-14.7332936,2.8796681,-14.5293194,195.0558327,-59.088583,288.8370675,-31.7329275,0,S0-a,B,R,,,0.1,0.7,,1.009,0.051,0.47,0.028,43,,,,,15.91,0.5,,,,,11.344,0.121,,,,,,,,,,,,,,10543.4,45,10543.4,45,0.167,0.188,90,0.83,1.006,15.397,,,,24.412,,,,,,,10528.5,10502,10356.1,10352.1,35.899,0.105,,,35.899,0.105,-20.502,0.511
NGC1200,11545,G ,3.0252698,-12.1863491,3.0651333,-11.9918056,193.4884284,-55.4755498,292.3863779,-33.9419281,0,E-S0,,,,,-2.9,0.6,,1.464,0.028,0.19,0.028,84.34,22.454,0.298,,,13.8,0.427,,,10.565,0.096,8.609,0.048,,,,0.56,1.08,,,,,207.67,5.95,,,4049,9,4049,9,0.313,0,64,0.04,1.496,13.427,10.427,,,24.841,,,0.309,0.007,,,4034.6,4007.6,3868.1,3868.3,33.755,0.281,,,33.755,0.281,-20.329,0.511
NGC1201,771919,G ,3.0327214,-26.2639596,3.068895,-26.0696911,218.5424771,-60.4041451,275.3421157,-35.5055587,0,E-S0,B,R,,,-2.6,0.9,,1.533,0.02,0.241,0.018,8.59,,,12.221,0.139,11.701,0.139,10.814,0.096,9.55,0.074,7.707,0.042,,,,0.545,0.98,,,,,162.51,4.01,,,1677.9,10.2,1677.9,10.2,0.067,0,71.99,0.05,1.532,11.609,9.52,0.497,0.893,23.08,,,0.306,0.006,,,1606.6,1597,1443.5,1523.3,31.639,0.752,31.535,0.037,31.535,0.037,-19.926,0.144
NGC1259,12208,G ,3.2331384,41.2021836,3.288131,41.3851222,150.241791,-13.6252068,347.4847876,-13.9524702,0,E-S0,,,,,-3,2,,0.98,0.05,0.15,0.028,80.5,,,,,15.21,0.5,,,,,10.536,0.071,,,,,,,,,,,,,,5831.2,44.7,5831.2,44.7,0.688,0,56.77,0.03,1.063,14.435,,,,23.84,,,,,,,6002.1,5933.9,5913.8,5670,34.678,0.184,34.2,0.04,34.2,0.04,-19.765,0.502
NGC1275,12429,G ,3.2749075,41.3309163,3.3300725,41.5115451,150.5761906,-13.2611019,347.8786034,-14.2565606,0,S0,,,,,-2.2,1.6,S1.5,1.334,0.049,0.172,0.05,110,20.734,0.305,12.675,0.127,12.605,0.127,12.238,0.318,,,8.211,0.159,,,11.233,-0.045,0.75,,,48,12,244.63,12.79,,,5263.4,10.5,5263.4,10.5,0.706,0,57.88,0.03,1.409,11.82,,-0.027,0.534,23.001,,,,,,,5433,5365.1,5346.1,5105.1,34.455,0.203,34.456,0.092,34.456,0.084,-22.636,0.153
NGC1302,12431,G ,3.2950936,-26.2406912,3.3308509,-26.0605611,219.6981116,-56.9259514,275.3817905,-39.0350049,1,S0-a,B,R,,,0.1,0.4,,1.629,0.021,0.039,0.027,,21.529,0.285,11.931,0.307,11.591,0.307,10.629,0.107,10.586,0.252,7.84,0.034,14.698,0.14,,0.38,0.9,39.11,1.3,,,148.22,16.47,1707.2,3.3,1702.9,7.9,1706.5,2.4,0.1,0.019,25.71,0.02,1.637,11.446,10.542,0.319,0.844,23.448,90.15,3.5,0.226,0.009,14.676,3.23,1622.2,1616,1467.1,1571.5,31.697,0.74,,,31.697,0.74,-20.251,0.801
NGC1309,12626,G ,3.3297341,-15.5781563,3.3684875,-15.4000556,202.2019632,-53.1568305,289.1177754,-38.8658018,0,Sbc,,,,,3.9,0.6,,1.373,0.032,0.029,0.032,,20.943,0.249,11.793,0.107,11.963,0.107,11.58,0.097,10.606,0.252,9.119,0.04,14.104,0.096,11.122,-0.09,0.53,58.65,1.23,,,82.03,26.73,2136,2.6,2139.5,10.1,2136.2,2,0.173,0.047,21.21,0.02,1.388,11.729,10.53,-0.213,0.38,22.514,162.09,4.86,,,14.083,2.354,2091.7,2073,1935,1985.2,32.254,0.561,32.678,0.033,32.678,0.033,-20.949,0.112
NGC1589,15342,G ,4.4696966,0.7563671,4.5126448,0.8635097,194.2715731,-30.3780658,318.0748903,-50.7140257,0,Sab,,,,,2.4,0.7,,1.486,0.027,0.495,0.027,159.57,,,13.331,0.065,12.821,0.065,11.813,0.074,10.492,0.076,8.271,0.048,15.59,0.092,,0.595,1.13,290.59,12.07,,,191.47,17.32,3791.3,5,3776.2,34.1,3791,3.9,0.367,0.614,80.34,0.1,1.501,11.802,10.33,0.315,0.841,23.278,294.77,12.28,0.3,0.014,15.491,3.689,3749,3730.6,3645.6,3725.3,33.614,0.298,,,33.614,0.298,-21.812,0.305
NGC1699,16390,G ,4.9086785,-4.8338993,4.9498879,-4.7568652,203.598031,-27.5502848,313.9759285,-59.0222699,0,Sb,,,,,3.1,0.6,,1.014,0.079,0.147,0.051,165.52,,,,,,,,,12.52,0.09,10.675,0.112,,,,,,,,,,,,,,3936.9,45,3936.9,45,0.205,0.219,46.44,0.02,1.028,,12.43,,,,,,,,,,3848.7,3844,3762.3,3917.3,33.686,0.29,33.54,0.03,33.54,0.03,,
NGC1819,16899,G ,5.1518041,5.1408692,5.19615,5.2006111,196.172495,-19.395257,333.7218398,-56.9816765,0,S0,B,,,,-2,0.4,,1.186,0.036,0.165,0.025,117.25,,,,,13.662,0.223,,,,,9.257,0.044,16.213,0.207,11.051,,,128.31,6.38,,,152.37,5.28,4465,5.1,4556.4,21.4,4469.8,14.9,0.493,0,55.81,0.03,1.235,13.101,,,,23.317,155.11,7.85,,,16.183,3.082,4409.4,4398.4,4342.2,4466.1,33.993,0.25,33.895,0.025,33.895,0.025,-20.794,0.224
NGC1961,17625,G ,5.6095471,69.3536066,5.7013319,69.3786639,143.8222825,19.4723984,20.1085479,-3.9340553,0,SABb,B,,,,4.2,1,S3,1.645,0.027,0.154,0.045,85,22.633,0.308,,,11.788,0.091,11.541,0.728,,,7.765,0.102,13.219,0.101,10.768,0.31,0.86,326.78,9.53,,,242.76,11.48,3935.5,4.5,3933,10,3935,2.9,0.537,0.254,47.04,0.02,1.69,10.971,,,0.563,23.469,446.53,13.8,,,13.197,2.226,4115.4,4059.6,4138,3910.7,33.888,0.262,,,33.888,0.262,-22.917,0.277
NGC2076,17804,G ,5.742722,-16.7997827,5.7798373,-16.7823802,221.3114828,-21.643956,290.3251976,-73.5945231,1,S0-a,,,,,-0.8,1.1,,1.402,0.031,0.226,0.028,44,,,14.365,0.186,13.935,0.186,12.925,0.186,10.929,0.061,8.542,0.047,13.668,0.115,10.85,0.51,0.88,174.35,5.46,,,,,2138.1,4.7,2142.5,3.1,2141.1,2.3,0.362,0,61.89,0.04,1.427,13.541,10.77,0.322,0.875,24.64,197.66,6.31,,,13.632,0.092,1967.6,1989.9,1916.2,2207.8,32.254,0.566,,,32.254,0.566,-18.713,0.596
NGC2258,19622,G ,6.6877658,74.535568,6.7961609,74.4818274,140.2201667,25.8204023,25.9657947,0.1981354,0,S0,,R,,,-2,0.4,,1.48,0.03,0.199,0.025,149.75,21.782,0.305,,,13.01,0.073,11.87,0.073,,,8.203,0.049,,,,,1.16,,,,,282.37,6.89,,,4059.6,21.1,4059.6,21.1,0.554,0,61.67,0.04,1.535,12.395,,,0.96,24.13,,,0.355,0.006,,,4242.7,4190,4285.8,4056.8,33.972,0.253,33.871,0.032,33.871,0.032,-21.476,0.08
NGC2320,20136,G ,7.0305578,50.6575291,7.0950009,50.5810723,166.3596516,22.793143,28.3018462,-23.668449,0,E,,,,,-4.8,0.5,,1.17,0.087,0.253,0.064,138.34,22.713,0.311,,,12.932,0.178,11.942,0.178,,,8.885,0.048,,,14.068,,1.06,,,110,15,314.02,7.04,,,5903.4,29.5,5903.4,29.5,0.298,0,90,0.83,1.207,12.545,,,0.866,22.61,,,0.292,0.003,,,5978.1,5948.5,6028,5980.5,34.723,0.18,34.483,0.039,34.483,0.039,-21.938,0.182
NGC2441,22031,G ,7.7682842,73.1431236,7.8652139,73.0156667,141.9871323,30.2586185,30.56681,-0.7813726,0,SABb,B,R,,,3.3,0.9,,1.296,0.03,0.038,0.026,,,,,,13.003,0.062,12.193,0.062,,,9.934,0.074,15.022,0.14,12.851,,,53.04,2.08,,,,,3463.1,5.1,3481,16,3464.7,5,0.115,0.06,24.54,0.02,1.305,12.802,,,0.754,23.156,127.69,5.7,,,15.001,2.199,3632.3,3585.5,3691.6,3491.3,33.639,0.294,32.944,0.042,32.944,0.042,-20.142,0.075
NGC2577,23498,G ,8.3297184,22.7139585,8.3787382,22.5530479,201.1203653,29.5829578,56.291603,-46.1267756,0,E-S0,,,,,-2.9,0.5,,1.191,0.038,0.246,0.026,105,21.665,0.564,14.028,0.091,13.428,0.091,12.418,0.091,,,9.093,0.048,19.109,0.3,,,,222.76,19.81,204,8,205.06,6.77,2115,7.9,2077.6,27.3,2112.1,8.9,0.233,0,76.31,0.07,1.211,13.164,,0.542,0.925,23.094,229.28,20.5,0.325,0.009,19.039,5.875,2016,2035.6,2118.1,2346.4,32.466,0.512,,,32.466,0.512,-19.302,0.52
NGC2595,23725,G ,8.4130758,21.6449343,8.4616721,21.4791171,202.7338023,30.3102451,58.5320548,-46.418631,0,Sc,B,R,M,,5,0.4,,1.22,0.038,0.17,0.028,30.57,23.037,0.268,15.245,0.088,13.165,0.203,12.395,0.13,11.431,0.348,9.696,0.206,14.938,0.109,12.852,0.205,0.745,159.24,3.74,,,,,4332.7,3.2,4323.6,2.1,4326.2,3.3,0.172,0.292,48.78,0.02,1.229,12.678,11.356,0.008,0.56,22.68,211.71,5.17,,,14.917,2.239,4223.2,4245.2,4328.9,4568.1,33.993,0.251,34.349,0.024,34.349,0.024,-21.671,0.205
NGC2608,24111,G ,8.5374878,28.6465299,8.5881055,28.473466,195.4556571,34.0474515,55.3554225,-39.5996856,1,Sb,B,R,M,,3.4,0.6,,1.291,0.026,0.312,0.034,64.49,22.263,0.363,13.051,0.13,12.961,0.13,12.251,0.13,11.21,0.068,9.338,0.035,15.875,0.132,12.057,0.135,0.77,94,2.46,,,,,2155.7,2.8,2124.8,10.9,2153.8,5.5,0.17,0.467,64.32,0.04,1.295,12.308,11.135,0.004,0.599,22.628,104.3,2.77,,,15.836,3.528,2085.1,2099.3,2195.6,2383.4,32.546,0.494,33.043,0.041,33.043,0.041,-20.735,0.136
NGC2623,24288,G ,8.5903501,25.9306095,8.6400187,25.7545702,198.839484,33.973452,58.0702703,-41.5020519,0,Sb,,,M,,2.7,1.8,,1.379,0.114,0.536,0.081,36.46,,,15.521,0.667,13.984,0.073,13.552,0.032,13.277,0.072,10.467,0.063,16.689,0.201,9.847,0.257,0.815,34.14,1.68,,,93.46,12.79,5538,4.3,5450.6,4.5,5496.6,30.9,0.178,0.7,82.99,0.13,1.374,13.065,13.199,-0.01,0.512,23.812,34.39,1.7,,,16.554,3.489,5412.9,5431.3,5526,5737,34.521,0.197,34.952,0.05,34.926,0.216,-21.861,0.228
NGC2811,26151,G ,9.2306045,-16.1033452,9.2697534,-16.3126793,246.2083221,22.100841,122.4518021,-56.1137938,0,SBa,B,,,,1.1,0.4,,1.476,0.04,0.471,0.03,20.86,20.277,0.515,12.838,0.107,12.248,0.107,11.448,0.071,10.002,0.111,8.01,0.045,17.52,0.092,13.557,0.595,1.02,120.84,7.95,,,218.4,10.55,2371,8.1,2102.1,32.9,2355.6,44.6,0.231,0.387,84.59,0.17,1.479,11.6,9.901,0.453,0.802,22.886,121.38,8,,,17.346,5.746,2086.6,2158.2,2202.6,2676.9,32.546,0.495,32.575,0.049,32.575,0.049,-20.975,0.118
NGC2841,26512,G ,9.309949,51.1900887,9.3674044,50.9766176,166.9419264,44.1513729,49.525089,-15.9780313,0,SBb,B,R,,,2.9,0.5,S3,1.839,0.023,0.319,0.031,147,21.483,0.228,12.672,0.04,10.064,0.122,10.179,1.367,8.694,0.675,6.085,0.088,12.191,0.121,10.871,0.43,0.935,290.36,6.04,128,28.3,212.06,4.66,634.8,2.4,637.8,5.1,635.4,1.8,0.066,0.453,65.32,0.04,1.832,9.541,8.665,0.266,0.792,22.482,319.55,6.76,0.287,0.005,12.151,2.61,682.6,671.6,800.7,806.3,30.403,1.355,31.07,0.027,31.07,0.027,-21.529,0.125
NGC2930,27404,G ,9.5783428,23.4285977,9.6257476,23.2033074,206.8925591,46.2169131,72.9426989,-34.3879073,0,Sbc,,,,,4.4,2.7,,0.697,0.077,0.363,0.036,142.26,,,15.826,0.03,14.916,0.408,,,14.422,0.071,12.089,0.117,,,,,,,,,,,,7376,8.5,7383,12.4,7378.2,5.4,0.136,0.589,67.45,0.04,0.695,14.143,14.362,,,21.478,,,,,,,7274,7305.1,7425,7670.4,35.168,0.146,35.13,0.03,35.13,0.03,-20.987,0.409
NGC2935,27351,G ,9.5739588,-20.9031561,9.6124636,-21.1281159,253.5932195,22.572095,130.7998247,-51.3588452,0,Sb,B,R,,,3.2,0.7,,1.621,0.019,0.123,0.023,168.27,,,12.498,0.232,12.253,0.232,11.193,0.077,9.937,0.158,8.335,0.048,13.654,0.133,11.406,0.32,0.853,127.69,1.17,,,,,2274.1,3.1,2249.6,24.6,2273.7,3.1,0.275,0.187,42.77,0.02,1.642,11.775,9.816,0.163,0.684,23.887,188.04,1.95,,,13.632,1.858,1990.7,2068.5,2112.2,2603.5,32.466,0.514,32.82,0.085,32.82,0.085,-21.045,0.247
NGC2962,27635,G ,9.6379505,5.3935605,9.6816434,5.165805,229.9966877,39.6683148,92.8084373,-43.9476809,0,S0-a,B,R,,,-1,0.7,,1.364,0.033,0.3,0.028,1.5,22.149,0.606,13.45,0.15,12.91,0.15,11.88,0.15,,,8.688,0.04,15.746,0.171,,0.455,1.055,194.31,5.98,175,9,160.67,8.24,1958.6,3.2,1997.2,43.1,1958.8,3,0.25,0,72.32,0.05,1.377,12.63,,0.444,0.914,23.412,203.94,6.36,0.291,0.009,15.691,3.061,1767.3,1822,1919.1,2292.5,32.254,0.565,32.708,0.037,32.708,0.037,-20.078,0.155
NGC2986,27885,G ,9.6991175,-21.0479976,9.7377827,-21.278215,255.0402341,23.7226007,130.9973116,-49.6044024,0,E,,,,,-4.7,0.6,,1.629,0.029,0.094,0.028,48.14,,,12.264,0.134,11.694,0.134,10.642,0.128,,,7.657,0.072,,,,0.59,1.005,,,50.17,14.27,262.24,4.05,,,2326.8,11.7,2326.8,11.7,0.252,0,52.14,0.03,1.665,11.407,,0.524,0.891,23.7,,,0.321,0.003,,,2043.4,2122.3,2168.9,2660.7,32.507,0.5,32.658,0.038,32.658,0.038,-21.251,0.139
NGC3021,28357,G ,9.7998347,33.7879339,9.8492081,33.5535186,192.1780839,50.838733,66.258611,-25.3148612,0,Sbc,,,,,4,0.2,,1.133,0.07,0.226,0.046,109.67,20.994,0.281,,,12.55,0.241,12.42,0.1,11.161,0.062,9.188,0.019,14.889,0.093,11.477,,0.88,112.96,3.2,,,55.72,24.55,1538.3,2.6,1515.5,30.8,1538.2,2.3,0.058,0.364,55.7,0.03,1.13,12.118,11.136,,,21.548,136.74,4.02,0.125,0.007,14.859,2.742,1489.3,1507.1,1641,1801,31.916,0.661,32.603,0.036,32.603,0.036,-20.485,0.244
NGC3147,30019,G ,10.2110666,73.6502373,10.281577,73.4007336,136.2899788,39.4632777,39.2257017,4.8432074,0,Sbc,,,,,3.9,0.5,S2,1.614,0.039,0.064,0.047,151.68,21.051,0.316,,,11.255,0.146,11.942,1.036,,,7.439,0.051,14.153,0.168,10.694,,0.93,173.51,5.87,,,223.94,7.42,2814.1,4.4,2814,5,2814.1,2.4,0.105,0.104,31.23,0.02,1.621,11.027,,,0.766,22.948,334.65,13.18,,,14.131,3.104,2977.2,2937.3,3064.9,2873.5,33.246,0.354,32.944,0.018,32.944,0.018,-21.917,0.147
NGC3169,29855,G ,10.1942096,3.7150414,10.2374414,3.4664709,238.2004762,45.6465398,99.4845532,-37.1385718,1,Sa,,R,M,,1.2,0.5,S,1.637,0.038,0.214,0.052,48.65,,,11.514,0.09,11.254,0.09,10.895,0.844,8.609,1.312,7.293,0.048,12.452,0.155,10.815,0.325,0.895,211.23,6.46,,,184.88,5.95,1230.3,3.2,1266.1,15.6,1231.7,5.4,0.134,0.208,56.74,0.03,1.641,10.896,8.55,0.196,0.77,22.929,252.61,8.03,0.134,0.006,12.422,1.525,1035,1095.6,1204.6,1584.3,31.252,0.901,31.518,0.03,31.518,0.03,-20.621,0.094
NGC3190,30083,G ,10.2557705,22.0832606,10.3017367,21.8326815,213.0356092,54.8478333,80.7375911,-27.6733295,0,Sa,,,,,0.9,0.6,,1.561,0.022,0.475,0.029,123.52,,,15.062,0.117,11.877,0.232,11.052,0.087,11.376,1.591,7.469,0.05,15.66,0.133,11.535,0.53,0.985,214.85,6.47,0,0,182.64,6.43,1311.1,3.2,1333,5.2,1317.1,7.2,0.109,0.358,87.76,0.4,1.553,11.395,11.328,0.365,0.848,22.972,215.01,6.51,0.171,0.006,15.259,3.864,1208.3,1245.7,1380.8,1632.4,31.518,0.786,31.93,0.02,31.93,0.02,-20.535,0.232
NGC3251,30892,G ,10.4417232,26.3553957,10.4880072,26.0992146,206.5568305,58.3155712,78.2826685,-23.2227892,0,SBbc,B,,,,4.4,1.6,,1.314,0.034,0.615,0.025,54.89,22.217,0.385,15.507,0.162,14.072,0.28,,,12.498,0.095,9.782,0.058,15.877,0.095,13.26,,,216.95,6.19,,,,,5087.2,2.9,5086.6,1.7,5086.8,1.2,0.122,0.964,83.64,0.15,1.301,12.952,12.444,,,23.297,218.29,6.25,,,15.728,2.776,5001.8,5034,5176.8,5391.6,34.387,0.21,,,34.387,0.21,-21.435,0.35
NGC3327,31729,G ,10.6204784,24.3522474,10.6660898,24.0912595,211.353325,60.2891479,81.5062054,-22.2023587,0,Sb,,R,,,3.1,0.4,,1.101,0.04,0.164,0.026,80.67,21.803,0.437,15.379,0.267,14.031,0.314,,,12.565,0.123,10.037,0.06,15.852,0.21,,,,144.23,6.43,,,,,6315.3,3.7,6304.1,2.4,6307.5,3.6,0.117,0.245,48.88,0.02,1.105,13.623,12.513,,,22.996,191.46,8.71,,,15.83,2.207,6214.1,6249.9,6394.7,6621.5,34.839,0.17,35.032,0.108,34.976,0.091,-21.353,0.327
NGC3332,31768,G ,10.6307855,9.4437564,10.6745449,9.1825121,236.8319418,54.2683183,96.2953346,-28.8935928,0,E-S0,,,M,,-2.7,1,,1.138,0.042,0.08,0.027,145.38,21.417,0.308,15.291,0.053,13.589,0.264,,,11.966,0.137,9.408,0.065,16.492,0.168,,,,141.66,5.93,,,217.53,10.51,5834,3.7,5833.3,1.8,5833.5,1.3,0.137,0,40.34,0.02,1.152,13.365,11.906,,,23.023,218.82,9.69,0.283,0.009,16.471,3.105,5667,5722.9,5850.8,6185.7,34.647,0.185,34.538,0.034,34.538,0.034,-21.173,0.266
NGC3368,32192,G ,10.7353968,12.083702,10.7793605,11.8199234,234.4352726,57.0102648,94.2882351,-26.4065571,0,Sab,B,R,,,2.1,0.7,,1.917,0.025,0.176,0.038,4.57,21.077,0.367,10.391,0.096,10.081,0.096,9.211,0.089,8.12,0.054,6.332,0.055,12.986,0.12,10.479,0.405,0.95,157.27,3.36,,,118.84,3.62,892,2.1,906.9,33.6,892,1.6,0.109,0.226,51.07,0.03,1.92,9.737,8.072,0.254,0.796,23.144,202.18,4.57,0.17,0.012,12.96,3.223,739.3,792.3,926.1,1240.4,30.694,1.172,29.955,0.019,29.955,0.019,-20.218,0.098
NGC3370,32207,G ,10.7398944,17.5375399,10.7844551,17.2736572,225.3510027,59.6722127,88.8842968,-23.9882468,0,SABc,B,,,,5.1,1.1,,1.387,0.038,0.236,0.035,146.5,21.133,0.29,,,12.239,0.25,12.16,0.1,11.113,0.05,9.44,0.037,14.199,0.105,11.552,,0.9,124.15,2.37,,,92.43,9.91,1280.6,2.5,1367,67,1280.7,2.9,0.133,0.403,56.18,0.03,1.391,11.696,11.055,,,22.466,149.44,2.96,0.114,0.006,14.169,2.473,1154.5,1200.2,1340.7,1616.3,31.454,0.809,32.371,0.031,32.371,0.031,-20.676,0.252
NGC3435,32786,G ,10.8609358,61.5564776,10.9134282,61.2898804,144.5937049,50.6494048,51.0205127,0.3368273,0,SBb,B,R,,,3,0.4,,1.244,0.068,0.174,0.05,33.27,23.297,0.222,15.269,0.009,14.052,0.288,,,12.739,0.14,10.764,0.078,15.254,0.275,,,,167.81,5.93,,,,,5157.8,5.1,5173.5,3.2,5169,5.5,0.065,0.257,50.22,0.03,1.243,13.692,12.711,,,23.718,218.36,8.08,,,15.228,1.536,5276.1,5255,5401.2,5306,34.472,0.201,34.535,0.025,34.535,0.025,-20.843,0.289
NGC3465,33099,G ,10.9302747,75.4593119,10.9920139,75.1912222,131.9271985,39.9207012,39.5204671,8.2183055,0,Sb,,,,,2.5,0.7,,0.977,0.055,0.072,0.025,,,,,,14.553,0.319,,,,,10.968,0.069,16.23,0.272,,,,70.31,3.14,,,,,7171.2,6.2,7219.7,10.9,7183.1,15.3,0.268,0.102,33.45,0.02,0.999,14.129,,,,23.059,127.56,6.02,,,16.208,2.079,7357.1,7315.4,7444.7,7234,35.18,0.146,,,35.18,0.146,-21.051,0.351
NGC3644,34814,G ,11.3162562,3.0847311,11.35913,2.8105125,257.5871058,57.5408291,106.8880474,-21.5967663,0,Sa,B,R,,,1.2,0.7,,1.154,0.075,0.367,0.052,64.92,23.077,0.62,16.097,0.082,15.024,0.394,,,13.4,0.104,10.816,0.093,16.255,0.194,,,,186.04,6.75,,,,,7142.7,4.8,7143.2,2.9,7143.1,1.8,0.218,0.334,72.45,0.06,1.16,14.383,13.304,,,24.128,195.12,7.18,,,16.2,1.816,6961.4,7026.3,7157.1,7507.5,35.093,0.152,,,35.093,0.152,-20.71,0.423
NGC3663,35006,G ,11.3579134,-12.0216501,11.399975,-12.2963949,271.8301623,45.229736,122.952677,-24.9265114,0,Sbc,,,,,3.9,0.5,,1.297,0.029,0.143,0.023,84.67,21.809,0.233,,,13.165,0.378,,,11.535,0.084,9.956,0.129,14.454,0.234,13.607,,,148.4,5.1,,,125.4,34.67,5015.8,5.1,5040,8,5022.7,8.4,0.219,0.231,45.48,0.02,1.312,12.683,11.439,,,23.131,208.11,7.36,,,14.433,1.75,4785.1,4864.6,4966.5,5390.6,34.299,0.218,34.332,0.019,34.332,0.019,-21.649,0.379
NGC3672,35088,G ,11.375141,-9.5204629,11.4173529,-9.7954052,270.4229853,47.5489761,120.3273467,-24.1412164,0,Sc,,,,,5,0.4,,1.463,0.033,0.236,0.026,7.17,22.216,0.548,,,12.071,0.163,11.342,0.04,10.215,0.038,8.27,0.015,13.389,0.146,10.755,0.32,0.78,190.38,2.82,,,,,1866.8,3.1,1860.5,5.1,1865.1,2.7,0.178,0.402,56.17,0.03,1.471,11.481,10.137,,0.603,22.679,229.19,3.52,,,13.359,1.878,1636.3,1713.8,1821.3,2234.1,32.115,0.596,31.849,0.235,31.885,0.219,-20.404,0.273
NGC3735,35869,G ,11.5506706,70.812231,11.5992528,70.5356348,131.7423197,45.2794634,44.9334517,8.4415881,0,Sc,,,,,5.2,0.6,S2,1.549,0.034,0.648,0.039,129.67,,,,,12.34,0.271,12.5,0.1,10.734,0.05,8.477,0.052,14.065,0.108,10.842,,,239.61,5.58,,,140.78,5.61,2695.5,3.5,2738,39,2695.8,3.6,0.073,1.072,83.62,0.15,1.53,11.181,10.702,,,22.624,241.1,5.63,,,13.917,2.736,2853.2,2818.4,2957.8,2775.7,33.159,0.367,32.88,0.274,32.98,0.219,-21.799,0.349
NGC3746,35997,G ,11.5853001,22.286664,11.6287851,22.0097718,225.9093822,72.4972777,89.5522685,-11.1770498,0,Sab,B,R,,,2.3,0.6,,1.052,0.039,0.325,0.026,114.75,23.048,0.524,15.931,0.012,14.978,0.113,,,13.286,0.073,11.005,0.063,17.581,0.42,,0.59,0.98,253.3,9.92,,,,,9022,7.9,9015.6,2.5,9016.2,2.2,0.134,0.415,66.57,0.04,1.051,14.339,13.227,,,23.497,276.07,10.9,,,17.539,3.2,8930.6,8970.8,9129.5,9337.9,35.623,0.119,,,35.623,0.119,-21.284,0.164
NGC3786,36158,G ,11.6179808,32.184245,11.6617836,31.9071305,191.5924058,73.7029751,80.4872755,-6.9279197,0,SABa,B,R,M,,1.1,0.5,S1.8,1.292,0.032,0.29,0.025,71.99,,,15.879,0.021,13.417,0.232,13.74,0.1,12.949,0.089,9.367,0.052,14.983,0.116,,0.02,0.82,155.6,7.01,,,134.8,12.34,2704.7,6.4,2688.2,11.6,2700.9,6.3,0.103,0.265,65.12,0.04,1.29,13.015,12.904,,,23.293,171.52,7.79,,,14.944,1.929,2666.5,2692,2856.6,2986.9,33.098,0.38,33.196,0.059,33.196,0.059,-20.181,0.239
NGC3873,36670,G ,11.7196428,20.0515436,11.7628074,19.7738152,235.4954505,73.2609844,92.3709123,-10.2516435,0,E,,,M,,-4.9,0.4,,1.055,0.045,0.029,0.025,,21.459,0.2,15.417,0.126,13.854,0.146,12.854,0.146,12.315,0.176,9.805,0.081,,,,0.455,1.005,,,,,249,5.46,,,5382.7,2.8,5382.7,2.8,0.112,0,28.48,0.02,1.072,13.661,12.266,0.412,0.923,23.003,,,0.285,0.004,,,5289.6,5332.9,5491.2,5709.6,34.505,0.198,34.421,0.046,34.421,0.046,-20.76,0.153
NGC3889,36662,G ,11.7523612,56.296174,11.7967024,56.0183337,140.1989247,58.9254315,58.8851965,3.9545301,0,E-S0,,,,,-3.3,1.6,,0.861,0.054,0.246,0.028,122.98,20.849,0.189,17.266,0.042,15.552,0.354,,,14.09,0.092,11.636,0.139,,,,,,,,,,,,,,16405.1,2.5,16405.1,2.5,0.05,0,82.6,0.13,0.858,15.257,14.068,,,23.567,,,,,,,16496.8,16484.2,16642.6,16571,36.958,0.065,,,36.958,0.065,-21.702,0.36
NGC3891,36832,G ,11.7575903,30.6372276,11.8009311,30.35934,196.0916972,75.7496907,82.6182404,-5.8778596,0,Sbc,,,,,3.7,0.5,,1.235,0.031,0.125,0.031,71.38,22.322,0.343,14.668,0.027,13.442,0.314,12.762,0.314,11.97,0.264,9.777,0.048,14.944,0.157,,,,190.3,6.09,,,,,6286.4,4.6,6289.7,2.2,6289.1,1.6,0.157,0.2,42.91,0.02,1.245,13.044,11.901,-0.024,0.579,23.135,279.49,9.39,,,14.923,1.879,6250.2,6277.9,6443.5,6579.7,34.867,0.168,35.663,0.129,35.369,0.398,-22.325,0.507
NGC3905,36909,G ,11.7754925,-9.45193,11.8180354,-9.7299492,278.5099717,50.1616455,121.7082192,-18.359064,0,Sc,B,,,,4.7,0.5,,1.277,0.052,0.168,0.036,62.5,22.812,0.306,,,13.407,0.092,12.837,0.092,11.871,0.196,9.977,0.148,15.533,0.263,12.972,,0.645,91.72,4.32,,,,,5760.9,4.6,5774,6,5765.8,5.2,0.169,0.283,48.68,0.02,1.286,12.923,11.797,,0.462,23.213,122.13,5.91,,,15.511,2.588,5547.8,5625,5738.1,6130.5,34.601,0.189,35.072,0.056,35.034,0.236,-22.111,0.253
NGC3947,37264,G ,11.8460241,21.0298787,11.8889794,20.7516808,235.4924706,75.2878821,92.0778305,-8.2454915,0,Sb,B,,,,3,0.4,,1.138,0.029,0.237,0.029,106.16,22.383,0.335,15.503,0.099,13.933,0.098,13.203,0.098,12.259,0.34,10.239,0.067,15.666,0.172,13.142,0.175,0.815,181.88,4.92,,,,,6199.8,3.5,6206.1,2.4,6204,2.5,0.176,0.347,57.5,0.03,1.145,13.363,12.182,-0.006,0.605,22.971,215.66,5.96,,,15.635,2.272,6119.2,6161,6321.5,6526.1,34.825,0.172,34.599,0.347,34.78,0.154,-21.417,0.182
NGC3978,37502,G ,11.8927515,60.800831,11.9361992,60.5225796,134.8477015,55.3088032,55.0803857,6.6271275,0,SABb,B,,M,,3.8,0.6,,1.198,0.055,0.034,0.04,,22.578,0.226,14.851,0.069,13.34,0.076,12.74,0.076,12.273,0.106,9.967,0.098,16.105,0.212,12,,,77.57,2.82,,,,,9966.8,6.3,9946,3,9949.8,6.1,0.087,0.055,23.14,0.02,1.205,13.133,12.235,-0.044,0.509,23.007,197.42,9.03,,,16.083,2.95,10065.3,10045.6,10200.2,10088.5,35.872,0.106,35.978,0.058,35.954,0.051,-22.821,0.092
NGC3982,37520,G ,11.897873,55.403524,11.9411459,55.1252607,138.8302764,60.273884,60.1711208,4.7630786,0,SABb,B,R,,,3.2,0.6,S1.9,1.275,0.039,0.055,0.03,24.39,19.963,0.389,13.479,0.012,11.812,0.353,11.7,0.1,11.151,0.245,8.856,0.02,14.363,0.142,10.925,,,95.63,2.85,,,71.76,3.87,1108.3,5.1,1113.3,2.6,1112.2,2.2,0.061,0.084,29.27,0.02,1.279,11.658,11.124,,,21.832,195.62,6.63,,,14.341,2.683,1202,1190.7,1350.8,1281.8,31.517,0.803,31.849,0.023,31.849,0.023,-20.191,0.354
NGC3987,37591,G ,11.9129705,25.473686,11.9558311,25.1953682,218.9466734,77.7167545,88.2048472,-5.8318597,0,SBb,B,,,,3,0.4,,1.435,0.028,0.604,0.031,59.2,22.792,0.311,14.213,0.094,13.903,0.093,12.933,0.093,11.808,0.045,9.068,0.042,15.138,0.127,11.141,0.34,1.035,259,6.88,,,,,4498.7,2.9,4281.7,2.4,4371.6,75.6,0.084,0.813,90,0.83,1.418,12.973,11.771,0.152,0.813,23.883,259,,,,14.312,1.339,4310.7,4345.9,4510.4,4678.5,34.093,0.243,34.073,0.026,34.073,0.026,-21.1,0.097
NGC4038,37967,G ,11.9886667,-18.5897894,12.0313932,-18.8682165,286.9589455,42.4613953,131.7795143,-17.2688392,0,SBm,B,,,,8.9,0.5,,1.734,0.025,0.156,0.043,,21.642,0.238,10.66,0.109,10.85,0.109,10.2,0.109,9.47,0.093,7.705,0.159,13.161,0.239,,-0.17,0.705,133.15,5.91,,,,,1644,5.7,1626.2,5.1,1634,6.8,0.201,0.288,51.94,0.03,1.747,10.359,9.382,-0.254,0.561,22.94,169.12,7.78,,,13.134,2.775,1393.5,1477,1571.3,1987.7,31.809,0.691,31.945,0.044,31.945,0.044,-21.587,0.118
NGC4055,38146,G ,12.0244416,20.5102457,12.067069,20.2319,242.8594584,77.1505973,93.4240851,-6.0666279,0,E,,,M,C,-5,0.5,,0.963,0.06,0.066,0.029,0.92,21.391,0.299,15.605,0.124,13.782,0.32,,,12.426,0.172,9.885,0.277,,,,,,,,,,477.16,27.01,,,7330.8,2.7,7330.8,2.7,0.15,0,44.62,0.02,0.984,13.522,12.36,,,22.462,,,,,,,7248.7,7290.8,7452.6,7651.2,35.18,0.146,35.321,0.029,35.321,0.029,-21.799,0.321
NGC4172,38887,G ,12.1627654,56.4555372,12.204138,56.177535,133.8884104,60.1093598,59.9078857,7.2106474,0,Sab,,,,,2,2,,1.09,0.069,0.025,0.051,,21.667,0.292,15.756,0.09,14.263,0.293,,,12.485,0.09,9.897,0.052,,,,,,,,,,,,,,9318.5,3.8,9318.5,3.8,0.06,0.032,20,0.02,1.094,14.078,12.458,,,23.415,,,,,,,9418.2,9404.8,9565.4,9479,35.731,0.113,35.672,0.045,35.68,0.042,-21.603,0.296
NGC4321,40153,G ,12.3397012,16.0993801,12.3819111,15.8222492,271.1362395,76.8987614,99.0348508,-3.1806727,0,SABb,B,,M,,4,0.3,,1.785,0.022,0.037,0.032,,,,10.895,0.278,10.011,0.12,9.473,0.112,8.657,0.252,6.713,0.24,13.162,0.088,9.701,0.075,0.71,113.34,1.76,,,91.06,4.14,1574.2,2.1,1567.9,10.9,1574,1.6,0.113,0.061,24,0.02,1.794,9.826,8.607,-0.043,0.657,22.606,278.64,6.23,,,13.14,3.314,1481.1,1528.3,1688.3,1898.4,31.968,0.643,31.014,0.025,31.014,0.025,-21.188,0.123
NGC4462,41150,G ,12.445528,-22.8902375,12.4892017,-23.1665914,296.356308,39.4230338,137.4609752,-11.8537479,0,SBab,B,R,,,2.1,0.6,,1.556,0.021,0.432,0.024,123.2,21.639,0.401,,,12.792,0.101,11.85,0.04,10.49,0.077,8.488,0.046,15.29,0.092,13.404,0.5,1.01,172.45,8.01,,,136.74,7.49,1792,6.1,1824.5,12.7,1798,9.7,0.438,0.511,75.97,0.07,1.58,11.825,10.297,,,23.714,177.75,8.28,0.265,0.011,15.221,3.396,1560.5,1645,1731.7,2134,32.018,0.627,32.43,0.54,32.254,0.409,-20.429,0.421
NGC4493,41409,G ,12.476311,0.8897903,12.5189902,0.6137534,291.6813987,63.0412455,114.2353253,-5.5782005,0,E,,,M,,-4,0.6,,1.182,0.038,0.31,0.028,139.05,23.118,0.858,16.083,0.157,14.717,0.739,,,12.779,0.314,10.396,0.14,,,,,,,,,,,,,,6920.1,2.3,6920.1,2.3,0.099,0,90,0.83,1.184,14.514,12.735,,,24.444,,,,,,,6765.1,6830.1,6969.4,7265.1,35.029,0.156,34.954,0.031,34.954,0.031,-20.439,0.74
NGC4495,41438,G ,12.4816779,29.4123899,12.5230242,29.1364417,187.3387487,85.1442841,86.875766,2.5944684,0,Sab,,,,,2.1,0.6,S3,1.128,0.035,0.373,0.027,131.98,23.198,0.406,15.212,0.185,14.107,0.293,,,12.7,0.198,10.176,0.05,14.628,0.157,11.799,,,168.26,4.83,,,,,4539.2,4.5,4569.5,2.1,4563.9,8.4,0.091,0.447,71.08,0.05,1.122,13.524,12.66,,,22.966,177.87,5.15,,,14.576,1.052,4539.9,4567.6,4738,4843.9,34.189,0.229,34.248,0.015,34.248,0.015,-20.724,0.294
NGC4501,41517,G ,12.4910711,14.6959111,12.5331376,14.4200354,282.3312879,76.507589,101.0167737,-1.4954053,0,Sb,,,,,3.3,0.6,S2,1.937,0.026,0.296,0.037,138.25,21.327,0.327,11.376,0.344,10.245,0.082,10.333,1.527,8.424,0.163,6.283,0.066,13.816,0.119,,0.325,0.88,242.38,3.84,,,166.2,7.14,2281.9,2,2268,12,2281.5,2.1,0.164,0.439,62.95,0.04,1.941,9.625,8.352,0.285,0.623,23.174,272.14,4.45,0.219,0.008,13.779,4.155,2187.5,2235.9,2395.2,2604.6,32.734,0.453,30.239,0.02,30.239,0.02,-20.614,0.085
NGC4520,41748,G ,12.5208109,-7.099908,12.5638553,-7.3755161,295.261337,55.2337981,122.1633828,-7.0583111,0,E-S0,,,,,-3.1,0.7,,0.9,0.055,0.239,0.027,97.57,20.493,0.314,,,14.65,0.497,,,12.425,0.089,10.394,0.065,,,,,,,,,,255.7,16.4,,,7637.7,25.6,7637.7,25.6,0.112,0,76.62,0.07,0.905,14.424,12.376,,,22.862,,,,,,,7453.2,7526,7650.1,7984.5,35.24,0.142,35.287,0.041,35.283,0.039,-20.86,0.498
NGC4526,41772,G ,12.5251562,7.9748034,12.567503,7.6992614,290.1592399,70.1386088,107.6101148,-2.9162617,0,S0,B,,,,-1.9,0.4,,1.842,0.018,0.449,0.039,138,,,12.574,0.052,10.553,0.088,9.593,0.088,10.11,1.472,6.481,0.046,19.068,0.188,11.012,0.555,0.975,150.41,8.55,246,6,224.64,9.39,560,3.8,591.8,3.5,577.1,11.4,0.096,0,90,0.83,1.835,10.448,10.067,0.465,0.89,23.435,150.41,,0.269,0.008,18.242,7.794,454,510.7,661.6,911.9,30.067,1.64,30.928,0.031,30.928,0.031,-20.48,0.094
NGC4617,42530,G ,12.6461643,50.6675289,12.6849676,50.3934172,127.0922282,66.6513063,66.6828327,9.8662977,0,SABb,B,,,,3.1,0.5,,1.449,0.041,0.73,0.033,179.56,23.451,0.174,15.893,0.074,14.095,0.286,,,12.6,0.058,9.848,0.05,14.67,0.237,,,,219.34,6.83,,,,,4649,4,4666.7,3.1,4660,6.3,0.065,0.959,90,0.83,1.426,13.036,12.571,,,23.976,219.34,,,,13.844,0.809,4743.2,4737.6,4904.8,4842.3,34.263,0.221,,,34.263,0.221,-21.228,0.362
NGC4619,42594,G ,12.6552995,35.3367418,12.6957072,35.0627396,136.9773324,81.799477,81.7493235,6.3111231,0,Sb,B,R,M,,3.1,0.5,S1,1.138,0.068,0.013,0.045,,21.909,0.463,15.152,0.153,13.465,0.28,13.5,0.1,12.343,0.133,9.902,0.032,16.377,0.228,12.824,,,104.11,3.78,,,,,6922,5.1,6923.5,1.9,6923.3,1.7,0.068,0.02,14.54,0.02,1.144,13.325,12.313,,,22.871,414.59,27.13,,,16.355,3.03,6933.9,6951.9,7124.3,7175.5,35.08,0.152,34.949,0.031,34.949,0.031,-21.625,0.282
NGC4675,42998,G ,12.7212272,55.0106858,12.7588586,54.7375711,124.7701946,62.3696758,62.5002138,11.4246022,0,SBb,B,R,,,3,0.4,,1.128,0.076,0.499,0.045,91.69,23.555,0.54,16.393,0.07,14.842,0.112,,,13.322,0.065,10.675,0.075,15.972,0.214,12.108,,,169.17,8.08,,,,,4790.3,5.2,4782.1,1.2,4782.6,1.6,0.072,0.69,78.92,0.09,1.115,14.044,13.291,,,23.433,172.39,8.27,,,15.886,1.842,4887.4,4874.8,5038.5,4940.8,34.317,0.215,34.505,0.036,34.505,0.036,-20.461,0.118
NGC4680,43118,G ,12.7384172,-11.3641614,12.781875,-11.6370833,301.1625938,51.219129,127.1418745,-5.0454552,0,S0-a,B,,,,0.3,1.5,,1.135,0.033,0.255,0.04,40.38,21.501,0.389,,,13.23,0.5,,,11.47,0.077,9.783,0.034,16.42,0.28,11.829,,,84.12,7.48,,,,,2429,6.9,2490.1,13,2442.6,18.5,0.192,0.146,62.85,0.04,1.143,12.855,11.385,,,22.448,94.54,8.48,,,16.384,3.528,2251.4,2326.6,2442.4,2780.7,32.77,0.445,32.905,0.032,32.905,0.032,-20.049,0.501
NGC4704,43288,G ,12.7736354,42.193629,12.812894,41.921275,124.8720017,75.197008,75.3593997,9.2871471,0,SBbc,B,,M,,3.8,0.6,S2,1.003,0.037,0.026,0.024,,22.901,0.649,15.972,0.013,14.528,0.072,13.691,0.088,13.179,0.064,10.749,0.094,17.281,0.148,12.688,,0.8,15.01,1,,,,,8168.4,6,8139.4,3.3,8146.3,8.9,0.073,0.042,20.23,0.02,1.008,14.359,13.147,,0.715,23.233,43.39,3.23,,,17.259,2.9,8193.4,8200.4,8372.3,8365.8,35.434,0.13,35.208,0.038,35.226,0.113,-20.866,0.134
NGC4708,43382,G ,12.7847245,-10.8208218,12.8281889,-11.0930556,302.2393788,51.7763546,126.7930973,-4.2460852,0,SABa,B,R,,,2.1,0.8,,1.097,0.039,0.14,0.026,30.37,,,,,13.92,0.354,,,11.911,0.095,10.156,0.051,16.432,0.245,12.312,,,77.74,3.81,,,,,4164.1,6.5,4113.9,3.1,4123.3,14,0.199,0.181,45.97,0.02,1.11,13.499,11.824,,,22.938,108.14,5.42,,,16.411,2.912,3935.8,4010.4,4127.4,4459.8,33.888,0.263,34.033,0.048,34.033,0.048,-20.534,0.357
NGC4786,43922,G ,12.8657851,-6.5885199,12.9090003,-6.8594493,304.3090823,56.0040073,123.0240767,-1.966974,0,E,,,,,-4.3,0.5,,1.3,0.031,0.119,0.022,169.47,20.633,0.739,,,12.71,0.067,11.709,0.06,10.675,0.079,8.749,0.047,,,,0.49,0.97,,,,,284.69,7.55,,,4627.2,15.6,4627.2,15.6,0.157,0,56.48,0.03,1.319,12.483,10.606,,0.91,23.066,,,0.301,0.004,,,4458.3,4528.6,4654.9,4961,34.151,0.233,34.107,0.041,34.107,0.041,-21.624,0.078
NGC5005,45749,G ,13.1438083,37.3245298,13.182298,37.058994,101.6131452,79.2492301,81.0801415,12.5029031,0,SABb,B,,,,4,0.2,S3b,1.683,0.025,0.5,0.028,69.87,20.827,0.392,10.849,0.088,10.539,0.088,10.709,1.637,8.582,0.064,6.454,0.048,14.529,0.14,9.671,0.37,0.9,244.65,6.63,250,5,171.54,4.38,947.1,4.2,1011.9,30.4,948.4,6.9,0.061,0.77,77.06,0.07,1.669,9.701,8.555,0.21,0.688,21.824,251.03,6.84,,,14.455,4.753,984.8,997.3,1170.2,1175.9,31.181,0.927,31.66,0.05,31.66,0.05,-21.959,0.102
NGC5018,45908,G ,13.1722246,-19.253311,13.216946,-19.5182358,309.8981969,43.0614661,136.4316299,-1.1041461,0,E,B,,,,-4.4,1,,1.54,0.024,0.204,0.024,98.81,,,12.164,0.194,11.684,0.194,10.853,0.053,9.755,0.075,7.768,0.046,16.704,0.41,13.114,0.525,0.96,73.95,9.21,84,12.61,211.94,4.48,2850,18.1,2840.1,12.3,2843.2,7.9,0.412,0,90,0.83,1.594,11.229,9.574,0.407,0.799,23.222,73.95,,0.214,0.004,15.878,4.649,2644,2722.2,2819.6,3156.8,33.068,0.385,32.91,0.029,32.91,0.029,-21.68,0.196
NGC5054,46247,G ,13.2384113,-16.3712122,13.2829056,-16.6346111,311.7223353,45.8008491,133.9324921,0.6147375,0,Sbc,,,M,,4.2,0.9,,1.702,0.017,0.239,0.024,166.89,22.355,0.403,11.817,0.125,11.637,0.125,10.793,0.057,9.626,0.05,7.653,0.128,14.211,0.097,10.342,0.19,0.835,147.51,3.11,,,,,1741.2,3.1,1738.5,18.2,1741.1,2.2,0.357,0.39,56.93,0.03,1.726,10.879,9.469,0.072,0.623,23.45,176.04,3.8,,,14.18,3.301,1553.9,1629.6,1733.9,2054.4,32.018,0.626,30.864,0.27,31.045,0.577,-20.166,0.59
NGC5061,46330,G ,13.2556375,-26.5741404,13.301417,-26.8371305,310.2510181,35.6556692,143.7836247,-2.0583852,0,E,,,,,-4.3,0.9,,1.574,0.027,0.092,0.027,109.74,,,11.638,0.14,11.208,0.14,10.309,0.02,,,7.326,0.048,,,,0.475,0.95,,,,,188,4.82,,,2035,19.3,2035,19.3,0.297,0,49.2,0.02,1.614,10.881,,0.376,0.833,22.937,,,0.246,0.004,,,1818.3,1899.9,1978.2,2334.2,32.298,0.549,32.312,0.034,32.312,0.034,-21.431,0.144
NGC5185,47422,G ,13.4596082,13.6737819,13.500631,13.4160473,338.1756789,73.5868304,105.6576013,11.8500633,0,SBb,B,R,M,,3,0.4,,1.302,0.04,0.434,0.046,57.58,23.134,0.452,16.016,0.229,14.475,0.336,,,12.661,0.29,10.265,0.071,16.353,0.095,,,,277.34,3.66,,,,,7364,3.7,7398.4,3.6,7381.7,12.3,0.106,0.608,74.16,0.06,1.295,13.705,12.614,,,24.03,288.29,3.88,,,16.292,2.587,7323.1,7366.4,7525,7665.5,35.204,0.144,35.26,0.05,35.254,0.047,-21.549,0.339
NGC5246,48128,G ,13.5826695,4.3587182,13.6248223,4.1045081,330.4600833,64.4862768,115.3318195,11.3210146,0,SBb,B,,M,,3.1,0.4,,0.929,0.05,0.114,0.025,85.04,21.154,0.664,16.089,0.217,14.672,0.261,,,13.327,0.061,11.047,0.118,17.087,0.21,13.485,,,59.03,2.67,,,,,6937.9,3.7,6913.2,3.4,6924.6,9,0.11,0.171,41.3,0.02,0.935,14.339,13.279,,,22.863,89.45,4.17,,,17.066,2.727,6831.7,6885.1,7030.1,7216.1,35.055,0.154,35.168,0.044,35.16,0.043,-20.821,0.264
NGC5308,48860,G ,13.755756,61.22204,13.7834468,60.9730644,111.2493023,54.8769431,56.6549499,19.9863862,0,S0,B,,,,-2.1,1.4,,1.636,0.035,0.877,0.047,59.95,20.539,0.755,,,12.24,0.118,11.32,0.118,10.837,0.1,8.42,0.041,17.531,0.393,,0.66,0.925,140.12,9.33,240,10,227.73,7.81,,,2013.6,28.2,2013.6,28.2,0.078,0,90,0.83,1.61,12.132,10.803,,0.807,24.005,140.12,,0.275,0.009,16.705,4.573,2167.8,2141.9,2297.7,2113.6,32.623,0.473,32.269,0.06,32.269,0.06,-20.136,0.132
NGC5338,49353,G ,13.848808,5.4534506,13.8907068,5.2077554,339.6527088,63.5679997,115.2981836,15.4461758,0,S0,B,,,,-2,0.5,,1.288,0.039,0.361,0.027,98.06,22.548,1.348,15.258,0.335,14.113,0.307,,,12.606,0.267,10.564,0.238,17.543,0.173,,,,80.71,3.74,,,,,822.5,3.7,806.1,2.1,810.1,5.2,0.117,0,90,0.83,1.287,13.984,12.554,,,24.242,80.71,,,,16.717,2.733,734.8,784.2,929.3,1084.4,30.694,1.168,30.517,0.3,30.528,0.291,-16.544,0.423
NGC5383,49618,G ,13.9167272,42.0897004,13.9513453,41.8462926,84.7790008,70.0816382,77.1141211,21.8674641,0,Sb,B,,,,3.1,0.5,,1.394,0.029,0.12,0.026,98.08,22.18,0.317,12.289,0.16,12.219,0.16,11.569,0.16,10.53,0.049,8.596,0.121,14.025,0.162,11.182,0.045,0.725,139.72,3.48,,,96.18,8.67,2266.5,4.1,2177.4,2.7,2204.7,29.1,0.028,0.18,42.28,0.02,1.392,11.994,10.518,0.038,0.607,22.727,207.67,5.47,,,14.004,2.01,2290.3,2290.3,2459.7,2380.4,32.77,0.442,,,32.77,0.442,-20.775,0.47
NGC5440,50042,G ,14.0141426,34.9978292,14.0502934,34.7579634,63.7998075,72.8962043,84.8274015,22.6805501,0,Sa,,,,,1,0.5,,1.453,0.052,0.293,0.057,48,,,,,13.267,0.335,,,10.81,0.1,8.929,0.055,14.881,0.297,,,,287.14,4.41,,,,,3691.6,3.7,3754,50.4,3691.9,4.2,0.067,0.25,65.74,0.04,1.448,12.904,10.78,,,23.965,314.96,5.09,0.291,0.014,14.84,1.936,3751.8,3761,3930.2,3887.8,33.778,0.276,33.667,0.212,33.708,0.168,-20.804,0.375
NGC5442,50189,G ,14.0343432,-9.4746218,14.0786653,-9.7136495,331.1729973,49.0978849,130.9006903,13.7963007,0,SBb,B,,,,2.8,2,,1.075,0.088,0.324,0.066,161.94,,,,,13.94,0.5,,,12.385,0.079,10.195,0.093,15.587,0.244,11.645,,,226.47,9.58,,,,,8588.3,8.2,8519.4,26.8,8582.4,14.8,0.193,0.452,65.84,0.04,1.08,13.231,12.3,,,22.537,248.21,10.7,,,15.546,2.314,8456.9,8519.7,8635.2,8853.5,35.499,0.126,,,35.499,0.126,-22.267,0.516
NGC5468,50323,G ,14.0660812,-5.2151533,14.1096953,-5.4529933,334.8675067,52.6960995,126.8744808,15.585148,1,SABc,B,,,,6,0.3,,1.36,0.025,0.029,0.024,,22.286,0.506,12.819,0.207,12.939,0.207,12.055,0.086,11.1,0.077,10.348,0.211,13.944,0.161,11.457,,,54.46,1.23,,,,,2842.7,3.2,2838.7,10.6,2842.4,2.3,0.107,0.052,21.15,0.02,1.369,12.767,11.053,-0.155,0.441,23.419,150.92,4.42,,,13.923,1.156,2734.8,2793.2,2917.3,3110.8,33.129,0.372,33.403,0.025,33.403,0.025,-20.636,0.208
NGC5490,50558,G ,14.126355,17.7810522,14.1659198,17.5454813,9.1416074,69.5096785,103.5213077,22.1125146,0,E,B,,,,-4.9,0.3,,1.22,0.038,0.11,0.025,2.01,21.527,0.297,13.615,0.092,13.065,0.092,12.055,0.092,,,8.952,0.05,,,,0.6,1.03,,,,,275.03,19.43,,,4855,24,4855,24,0.116,0,58.46,0.03,1.234,12.876,,0.548,0.938,23.023,,,0.33,0.004,,,4846.2,4877.6,5036,5091,34.317,0.216,34.437,0.031,34.437,0.031,-21.561,0.097
NGC5532,51006,G ,14.2406508,11.0386873,14.2813659,10.8076728,357.9618156,64.1121362,111.0177564,22.4201871,0,S0,,,M,,-2.1,0.7,,1.369,0.041,0.087,0.029,144.13,21.47,0.277,14.859,0.08,12.952,0.095,11.942,0.095,11.436,0.16,8.779,0.034,,,,0.64,1.045,,,,,278.7,18.64,,,7408.4,2.6,7408.4,2.6,0.111,0,41.06,0.02,1.378,12.73,11.388,0.585,0.907,23.541,,,0.299,0.042,,,7376.5,7415,7564.4,7649.2,35.216,0.143,,,35.216,0.143,-22.486,0.172
NGC5550,51108,G ,14.267473,13.1130312,14.3077715,12.8831076,2.2485368,65.1550785,108.9060561,23.2386208,0,SBb,B,R,,,2.8,1.4,,1.041,0.04,0.135,0.024,97.98,23.448,0.174,14.947,0.008,14.092,0.282,,,12.671,0.093,10.288,0.068,17.344,0.239,,,,212.58,7.93,,,,,7461,4.3,7459.2,2.6,7459.7,0.6,0.102,0.196,44.77,0.02,1.046,13.738,12.626,,,22.816,301.83,11.59,,,17.323,3.585,7438,7473.7,7625.4,7695.3,35.228,0.142,,,35.228,0.142,-21.49,0.316
NGC5584,51344,G ,14.3305052,-0.1603571,14.3732703,-0.3876275,345.1141861,54.8559094,123.0419439,20.8766843,0,SABc,B,,,,5.9,0.3,,1.496,0.021,0.126,0.023,153.84,,,14.394,0.251,12.774,0.665,,,11.872,0.573,11.998,0.318,14.035,0.097,12.117,,,84.08,1.84,,,,,1638,2.6,1654.9,1.6,1650,5.5,0.17,0.223,42.41,0.02,1.507,12.374,11.797,,,23.747,124.69,2.88,,,14.013,1.639,1576.3,1626.5,1757.3,1897.5,32.067,0.617,32.252,0.034,32.252,0.034,-19.878,0.666
NGC5681,52169,G ,14.5542424,8.5180716,14.595244,8.3005765,0.4517632,58.970103,114.8506817,26.3776899,0,Sbc,,,M,,4.2,2,,0.932,0.047,0.144,0.023,1.5,21.581,0.219,15.36,0.13,14.3,0.276,,,13.35,0.063,11.075,0.138,16.102,0.147,12.937,,,132.34,3.9,,,,,7942,3.4,7938.7,5.8,7941.1,2.4,0.106,0.236,45.52,0.02,0.936,13.905,13.303,,,22.435,185.48,5.65,,,16.08,2.175,7915,7952.7,8094.7,8163.3,35.356,0.134,,,35.356,0.134,-21.451,0.307
NGC5683,52114,G ,14.5517042,48.8797385,14.581236,48.6619157,86.9793675,60.615002,69.2208221,28.1409351,0,S0-a,B,R,,C,0.1,0.5,S,0.755,0.066,0.068,0.029,95.36,17.118,1.336,16.049,0.035,15.739,0.082,15.04,0.183,14.491,0.283,11.683,0.147,16.817,0.266,,,,,,,,140.29,7.62,,,10984.6,6.8,10984.6,6.8,0.141,0.033,33.96,0.02,0.765,15.4,14.429,-0.234,0.692,23.205,,,,,16.796,1.396,11119.2,11104.6,11266.4,11104.5,36.089,0.096,,,36.089,0.096,-20.689,0.126
NGC5698,52251,G ,14.5873586,38.6703617,14.6207495,38.4542446,66.7605159,65.1705516,80.7754403,29.5773502,0,Sb,B,R,,,3.1,0.4,,1.239,0.034,0.371,0.028,61.09,,,15.336,0.062,14.012,0.276,,,12.636,0.13,10.303,0.048,15.995,0.097,12.825,,,131.19,5.3,,,,,3676.1,4.5,3629.4,2,3636.9,12.2,0.045,0.532,69.36,0.05,1.228,13.408,12.616,,,23.341,140.19,5.7,,,15.948,2.54,3735.6,3734.2,3898.1,3788.6,33.778,0.278,34.019,0.049,34.019,0.049,-20.611,0.281
NGC6038,56812,G ,16.0142332,37.4967839,16.0445942,37.3594862,59.6670834,48.745506,78.268631,46.3125062,0,Sc,,R,,,5.1,0.7,,1.082,0.041,0.059,0.026,63.02,22.616,0.619,15.327,0.383,14.32,0.272,,,12.93,0.057,10.261,0.092,,,13.713,,,,,,,,,,,9370.6,3.8,9370.6,3.8,0.099,0.102,29.84,0.02,1.089,14.067,12.887,,,23.356,,,,,,,9527.7,9510.9,9651.7,9430,35.751,0.112,35.718,0.037,35.721,0.035,-21.654,0.275
NGC6063,57205,G ,16.0798633,8.1117955,16.1202739,7.978973,19.8852515,39.9538563,122.1257436,48.2967902,0,Sc,,,M,,5.8,0.5,,1.212,0.033,0.283,0.023,157.07,23.027,0.363,14.72,0.202,13.948,0.292,,,12.584,0.209,10.607,0.118,15.322,0.091,,,,124.68,3.76,,,,,2847.8,2.8,2841.1,3.4,2845.1,2.8,0.201,0.496,60.26,0.03,1.219,13.239,12.496,,,23.193,143.58,4.37,,,15.288,2.05,2901.1,2916.6,3027.1,2939.7,33.217,0.358,33.09,0.026,33.09,0.026,-19.851,0.293
NGC6104,57684,G ,16.2444773,35.8305554,16.2751873,35.7081034,57.3655235,45.913902,79.2901646,49.47168,0,SBb,B,R,,,3,2.4,S1.5,0.942,0.05,0.102,0.025,62.03,,,15.335,0.678,14.248,0.333,13.624,0.044,13.313,0.075,10.702,0.057,,,13.499,0.083,0.837,,,,,147.19,34.81,,,8368.3,15.6,8368.3,15.6,0.084,0.153,39.35,0.02,0.946,13.948,13.276,0.028,0.618,22.524,,,,,,,8530.7,8512.6,8647.9,8413.3,35.509,0.126,35.74,0.036,35.723,0.116,-21.774,0.352
NGC6109,57748,G ,16.263603,35.1253479,16.2945928,35.0041577,56.3837272,45.6259876,80.2013869,49.9239199,0,E,,R,,C,-4,1.8,,1.01,0.046,0.021,0.023,,22.144,0.482,15.636,0.209,13.867,0.239,12.807,0.239,12.724,0.129,10.371,0.081,,,,0.57,1.08,,,,,217.12,18.43,,,8938.2,2.4,8938.2,2.4,0.1,0,22.33,0.02,1.024,13.633,12.68,0.513,0.953,22.793,,,0.295,0.013,,,9099.4,9081.8,9216.3,8982.8,35.643,0.118,,,35.643,0.118,-22.01,0.266
NGC6122,57858,G ,16.3063158,37.9166589,16.3359779,37.7982365,60.4023481,45.2904041,75.8855984,49.4166675,0,Sb,,,,,2.5,1.5,,1.042,0.053,0.644,0.033,159.71,22.892,0.548,17.049,0.18,15.539,0.477,,,13.572,0.072,10.64,0.081,,,,,,,,,,,,,,10033.4,4,10033.4,4,0.073,0.777,90,0.83,1.023,14.613,13.539,,,23.583,,,,,,,10204.5,10183.4,10318.3,10070.7,35.899,0.105,,,35.899,0.105,-21.285,0.489
NGC6142,57984,G ,16.3593538,37.3733352,16.3891862,37.258427,59.6808807,44.6335743,76.2863217,50.2073344,0,Sb,,R,,,3,0.6,,1.173,0.04,0.492,0.029,164.85,23.112,0.35,16.289,0.12,14.65,0.294,,,13.083,0.081,10.486,0.157,,,,,,319.56,21.28,,,,,10173.1,6.2,10146,3.6,10152.8,8.4,0.086,0.681,78.4,0.08,1.161,13.807,13.046,,,23.474,326.22,21.77,,,,,10324.7,10303.4,10436.9,10186.9,35.917,0.104,,,35.917,0.104,-22.11,0.312
NGC6172,57937,G ,16.3263884,-1.3980897,16.3695332,-1.5147749,12.2670748,31.8221719,137.5109699,48.5009837,0,E,,,,C,-4.2,0.8,,0.954,0.046,0.007,0.024,,19.793,0.21,,,14.153,0.358,,,,,9.839,0.052,,,,0.52,0.96,,,,,139.73,4.52,,,5021.6,11.7,5021.6,11.7,0.511,0,13.6,0.02,1.029,13.566,,,,22.799,,,0.218,0.004,,,5053.1,5074.6,5162.5,5101.3,34.37,0.21,34.638,0.057,34.619,0.134,-21.053,0.382
NGC6261,59286,G ,16.908584,28.0546784,16.9418146,27.9773978,49.0601036,36.2810558,87.2745854,59.9989795,0,S0-a,,,,,0,0.5,,1.037,0.046,0.391,0.027,84.6,22.103,0.419,17.089,0.013,15.149,0.3,,,13.229,0.078,10.353,0.06,,,,,,,,,,,,,,10547.9,3.6,10547.9,3.6,0.198,0.146,79.59,0.09,1.04,14.647,13.141,,,23.852,,,,,,,10717.8,10698.1,10811.1,10548.3,35.996,0.1,36.114,0.069,36.076,0.057,-21.429,0.305
NGC6365,60171,G ,17.3707593,62.2190243,17.378756,62.1736894,91.480613,34.0614439,40.425851,40.7572381,0,Sd,,,M,,7.9,0.8,,1.052,0.043,0.673,0.027,31.92,,,19.421,0.033,16.232,1.902,,,17.414,0.063,,,17.22,0.25,13.421,,,49.49,3.51,,,,,8002.1,7.3,8023.3,3,8020.2,5.7,0.13,1.215,90,0.83,1.037,14.867,17.357,,,23.88,49.49,,,,16.394,1.527,8268.9,8216.1,8334.3,7972.6,35.423,0.13,35.27,0.04,35.283,0.076,-20.417,1.904
NGC6378,60418,G ,17.470975,6.3192878,17.5116611,6.2823333,29.3132326,20.8020651,138.6342066,67.2893178,0,Sb,,,,,3.1,1.3,,1.053,0.04,0.165,0.032,2.08,,,,,15.039,0.321,,,,,10.237,0.076,16.123,0.087,,,,206.7,10.25,,,,,6669,6.1,6690.5,5.4,6681.1,8,0.473,0.248,48.97,0.02,1.091,14.268,,,,23.762,274,13.9,,,16.102,1.834,6803.9,6797.1,6863.2,6645.8,35.002,0.158,,,35.002,0.158,-20.735,0.358
NGC6411,60536,G ,17.5827787,60.8433309,17.5924472,60.8133611,89.7306066,32.628905,39.4783389,42.6779143,0,E,,,,,-4.8,0.6,,1.245,0.038,0.184,0.034,68.5,22.06,0.306,13.241,0.084,12.801,0.084,11.861,0.084,,,9.143,0.038,,,,0.53,0.985,,,13.49,9.06,182.87,4.64,,,3748,71.9,3748,71.9,0.236,0,90,0.83,1.275,12.509,,0.407,0.851,22.871,,,0.264,0.003,,,4001.2,3947.2,4062,3690.5,33.866,0.27,33.861,0.033,33.861,0.033,-21.353,0.09
NGC6462,60790,G ,17.7388909,61.9292579,17.7469041,61.910559,90.9931435,31.4924475,37.490651,42.1461338,0,E,,,,C,-5,2,,0.741,0.152,0.023,0.04,,,,,,14.9,0.221,,,,,11.052,0.047,,,13.412,,,,,,,,,,,11514,125.1,11514,125.1,0.223,0,25.61,0.02,0.776,14.504,,,,22.479,,,,,,,11771.1,11715.3,11827.7,11449.8,36.194,0.095,36.175,0.094,36.184,0.067,-21.68,0.231
NGC6495,61091,G ,17.8775203,18.3342966,17.9140911,18.3267183,43.6386864,20.4802233,103.9814122,75.3846655,1,E,,,,,-4.9,0.4,,1.158,0.083,0.129,0.057,75,21.799,0.389,,,13.855,0.305,,,,,9.505,0.045,,,,,,,,,,200.32,15.34,,,3134.6,20.3,3134.6,20.3,0.339,0,65.26,0.04,1.207,13.469,,,,23.498,,,0.352,0.005,,,3319.2,3293.1,3364.6,3055.1,33.438,0.323,33.259,0.029,33.259,0.029,-19.79,0.306
NGC6575,61506,G ,18.1510892,31.1037502,18.1826177,31.115923,57.8379672,21.6862767,57.6645307,71.6007539,1,E,,,,,-4.8,0.6,,1.177,0.039,0.143,0.027,63.5,23.598,0.389,,,14.354,0.245,,,,,9.589,0.048,,,,,,,,,,300.97,25.64,,,6882.8,12.7,6882.8,12.7,0.272,0,68.99,0.05,1.214,13.979,,,,24.089,,,0.301,0.009,,,7114.2,7072.4,7152.6,6779.3,35.093,0.152,35.029,0.045,35.035,0.043,-21.056,0.249
NGC6616,61693,G ,18.259594,22.2182891,18.2947469,22.2384861,49.6433219,17.065215,78.5085019,79.0273545,0,Sab,,,,,2,0.3,,1.129,0.037,0.371,0.024,55,,,,,15.125,0.323,,,,,9.427,0.043,15.755,0.6,13.646,,,335.75,18.03,,,,,5431,8.6,5556,8.2,5496.4,44.3,0.632,0.436,71.05,0.05,1.174,14.002,,,,24.001,355,19.15,,,15.704,1.701,5709.1,5673.1,5737.7,5382.9,34.601,0.19,,,34.601,0.19,-20.599,0.375
NGC6627,61792,G ,18.3399408,15.6717431,18.3774698,15.6978607,43.9402253,13.3395231,115.4349527,82.2103575,1,SBb,B,,,,3.1,0.5,,1.03,0.042,0.046,0.024,74.5,21.922,0.305,,,14.345,0.035,13.325,0.035,,,9.823,0.041,15.836,0.163,11.952,,1.1,40.02,1.89,,,,,5269.4,4.3,5264.3,26.8,5269.2,2.9,0.853,0.07,26.86,0.02,1.109,13.382,,,0.786,23.157,88.58,4.55,,,15.814,2.432,5465.1,5433.8,5485.6,5149.3,34.505,0.198,34.327,0.04,34.327,0.04,-20.945,0.053
NGC6702,62395,G ,18.7585618,45.6499865,18.7826626,45.7057799,75.0281779,19.7868111,29.2604382,59.9555921,0,E,,,,,-4.9,0.4,,1.216,0.041,0.063,0.028,57.52,22.159,0.305,13.742,0.119,13.232,0.119,12.242,0.119,,,9.202,0.037,,,,0.555,1.04,,,30.27,19.72,170.51,3.67,,,4725.2,11.7,4725.2,11.7,0.463,0,42.78,0.02,1.288,12.698,,0.431,0.841,23.182,,,0.25,0.006,,,4999.9,4940.7,5021,4589.7,34.317,0.216,34.181,0.038,34.181,0.038,-21.483,0.125
NGC6901,64552,G ,20.3316256,6.2690998,20.3726567,6.4299124,49.6190577,-16.8973501,275.4420712,66.6764063,1,SBab,B,R,,,2.4,0.6,,1.096,0.046,0.403,0.027,61.5,,,,,14.831,0.322,,,,,10.497,0.063,15.476,0.266,13.367,,,172.12,5.81,,,,,4790.7,4,4761,9.3,4786.1,8.1,0.535,0.511,72.91,0.06,1.13,13.737,,,,23.459,180.07,6.11,,,15.419,1.682,5011.7,4958.7,4923.6,4511.1,34.281,0.22,34.32,0.54,34.287,0.204,-20.549,0.381
NGC6916,64600,G ,20.3741483,58.1813967,20.3925167,58.3440278,93.3595986,11.8544494,10.4110633,44.3029414,0,SBbc,B,,,D,4,0.3,,1.216,0.044,0.169,0.039,89,,,,,15.21,0.326,,,11.532,0.064,9.298,0.023,14.937,0.119,,,,157.7,4.5,,,,,3099.5,3.6,3099.3,1.8,3099.3,1.2,1.753,0.273,49,0.02,1.374,13.163,10.76,,,24.722,208.95,6.24,,,14.915,1.752,3403.3,3326.9,3388.9,2918.2,33.464,0.32,33.306,0.054,33.306,0.054,-20.143,0.33
NGC6949,65010,G ,20.5732015,64.6287842,20.5852556,64.8027778,99.6564424,14.2987772,13.2302689,38.0500189,0,Sc,,R,,,5,1.4,H2,1.117,0.038,0.097,0.029,94.5,,,,,14.928,0.322,14.5,0.1,,,9.233,0.022,14.622,0.102,12.638,,,146.43,4.33,,,,,2762.2,4.4,2778,27,2762.7,3.6,1.681,0.166,37.72,0.02,1.271,13.065,,,,24.067,239.36,7.57,,,14.601,1.536,3060.6,2984.5,3053.9,2601.1,33.246,0.355,32.35,0.31,32.737,0.448,-19.673,0.552
NGC6951,65086,G ,20.6101719,65.9296404,20.6205788,66.1056815,100.8958201,14.8530517,13.8429653,36.8214764,0,SABb,B,,,,3.9,0.6,S2,1.504,0.024,0.183,0.035,149.34,23.65,0.353,,,11.961,0.215,12.41,1.48,,,7.351,0.137,13.939,0.075,10.107,0.455,1.09,141.85,2.96,,,114.85,4.99,1424.9,2.6,1399.3,23.7,1424.6,2.7,1.613,0.294,50.84,0.03,1.649,10.045,,,0.591,22.892,182.94,4.01,,,13.912,3.867,1720.8,1645,1716,1267.7,32.018,0.632,31.602,0.034,31.602,0.034,-21.558,0.218
NGC6962,65375,G ,20.7459701,0.1363068,20.7886314,0.3208274,47.4062194,-25.3727812,270.0622913,58.3071992,0,SABa,B,R,M,,1.7,0.6,,1.435,0.024,0.131,0.022,68.97,,,15.282,0.138,13.005,0.091,11.89,0.168,11.376,0.375,8.783,0.05,14.423,0.133,,0.56,1.03,224.74,7.99,150,20,234.18,9.04,4215.7,5.1,4200.3,1.5,4201.5,3,0.442,0.156,44.82,0.02,1.472,12.366,11.182,0.27,0.703,23.74,318.81,11.68,,,14.401,2.036,4410.2,4358.3,4298.1,3904.2,33.972,0.252,33.65,0.03,33.65,0.03,-21.284,0.096
NGC7017,66137,? ,21.0734731,-25.6893505,21.1223118,-25.4874762,21.383714,-40.1782594,244.9674213,37.705336,0,S0,,,M,,-1.8,0.9,,0.931,0.077,0.15,0.033,85,,,,,14.81,0.373,,,12.435,0.079,10.68,0.187,,,,,,,,,,,,,,10119,37,10119,37,0.28,0,52.93,0.03,0.956,14.378,12.312,,,23.196,,,,,,,10209.2,10185.5,10077,9854,35.844,0.108,,,35.844,0.108,-21.466,0.389
NGC7053,66610,G ,21.314455,22.8716539,21.3521127,23.0849079,72.5073214,-18.5863889,314.3931118,54.8626262,1,S0-a,,,,,0,2,,1.197,0.07,0.03,0.047,,,,,,14.166,0.284,,,,,9.221,0.036,16.771,0.42,12.883,,,178.54,6.41,,,,,4697.6,5.3,4707.8,5.4,4702.6,4.4,0.556,0.014,22.81,0.02,1.248,13.527,,,,23.873,460.54,22.43,,,16.75,3.223,4989.5,4912.7,4880.4,4385.7,34.263,0.222,,,34.263,0.222,-20.737,0.361
NGC7131,67359,G ,21.7482259,-13.415061,21.7933592,-13.1827126,41.5170917,-44.9411661,264.7102121,38.4699389,0,S0,,,,,-2,0.5,,1.054,0.047,0.115,0.027,113.75,21.379,0.238,,,14.908,0.535,,,12.075,0.085,10.218,0.05,,,,,,,,,,188.86,15.85,,,5418,13,5418,13,0.185,0,46.83,0.02,1.07,14.641,11.994,,,23.912,,,,,,,5572.5,5526.7,5414.4,5094.2,34.488,0.2,34.388,0.044,34.388,0.044,-19.746,0.537
NGC7242,68434,G ,22.2244991,37.049234,22.2609661,37.2986556,91.6017292,-15.9211146,332.5471666,40.8934491,1,E,,,M,,-4,1,,1.09,0.044,0.6,0.028,26.25,,,,,13.985,0.445,,,,,8.359,0.045,,,,0.73,1.13,,,,,,,,,5881,51.8,5881,51.8,0.656,0,90,0.83,1.161,13.241,,,,23.195,,,,,,,6190.1,6101.9,6081.3,5570.5,34.738,0.179,,,34.738,0.179,-21.497,0.479
NGC7253,3168458,? ,22.2863588,29.1407727,22.32461,29.3922,87.3611801,-22.7888535,322.0106018,41.2545819,1,,,,,,,,,,,,,,,,,,,,,,,,,,,,,,,,,,,,,,,4718.7,27,4718.7,27,0.287,,,,,,,,,,,,,,,,5016.5,4930.1,4888.6,4385.1,34.263,0.222,34.215,0.053,34.215,0.053,,
NGC7300,69040,G ,22.4721333,-14.260678,22.5166429,-14.0035939,47.6479656,-54.7615691,270.1832263,28.9179891,0,SABb,B,,,,3.4,0.8,,1.314,0.026,0.411,0.026,161.71,,,13.88,0.097,13.58,0.097,12.83,0.097,11.665,0.057,9.591,0.093,15.019,0.243,,0.47,0.87,216.53,3.19,,,,,4907.8,4.6,4994.6,15,4915.2,17.4,0.251,0.604,72,0.05,1.321,12.687,11.554,0.169,0.584,23.205,227.68,3.39,,,14.965,2.278,5061,5011.9,4880.8,4575.1,34.263,0.222,,,34.263,0.222,-21.576,0.243
NGC7311,69172,G ,22.5264859,5.3117858,22.5685444,5.5703056,72.3372684,-43.4097724,292.0901464,35.3744658,0,Sab,,,,,2,0.3,,1.168,0.036,0.334,0.026,11,,,,,13.318,0.324,,,,,8.969,0.042,15.836,0.193,,,1.08,233.24,5.88,,,,,4520.9,4.7,4512.4,22.8,4520.5,3.3,0.573,0.397,67.82,0.04,1.208,12.303,,,,22.434,251.88,6.42,,,15.792,3.488,4749.9,4678.3,4577.9,4155.4,34.113,0.237,33.76,0.04,33.76,0.04,-21.457,0.326
NGC7315,69241,G ,22.5541061,34.5443881,22.5921361,34.8035556,93.6534752,-20.2273296,328.5349305,37.3346192,0,S0,,,,,-2,0.4,,1.198,0.076,0,0.051,,,,,,13.874,0.341,,,,,9.763,0.063,,,,,,,,,,275.12,27.24,,,6273,28,6273,28,0.342,0,0,0.02,1.236,13.437,,,,23.623,,,0.299,0.008,,,6576.4,6487.3,6454.2,5949.7,34.867,0.168,,,34.867,0.168,-21.429,0.38
NGC7377,69733,G ,22.7513918,-22.5763177,22.7965253,-22.3120915,35.8276346,-61.5845673,264.1260234,21.5051934,0,S0-a,B,,,,-1,0.7,,1.59,0.027,0.1,0.026,97.98,21.861,0.946,12.495,0.186,12.085,0.186,11.193,0.105,,,8.199,0.042,,,,0.415,0.97,,,,,174.51,12.15,,,3355,18.3,3355,18.3,0.127,0,41.94,0.02,1.598,11.907,,0.383,0.896,23.755,,,0.235,0.008,,,3455.7,3416.9,3271.1,3033.8,33.385,0.332,,,33.385,0.332,-21.477,0.38
NGC7407,69922,G ,22.8498705,31.8628378,22.8892033,32.1291027,95.6567941,-24.414298,324.9116954,33.8292738,1,Sc,,,,,4.7,0.9,,1.224,0.048,0.325,0.035,154.07,,,,,14.108,0.326,,,12.262,0.064,10.368,0.101,14.75,0.188,13.263,,,219.63,6.02,,,,,6427.7,3.4,6430,60,6427.7,2.8,0.3,0.539,64.29,0.04,1.239,13.234,12.13,,,23.364,243.75,6.78,,,14.712,1.477,6723.6,6634.3,6589,6094,34.908,0.165,34.953,0.046,34.95,0.044,-21.716,0.329
NGC7448,70213,G ,22.9596963,15.711662,23.0010209,15.9801923,87.5659581,-39.1240268,305.8717682,31.2995035,1,Sc,,,,,5,1.2,,1.317,0.028,0.41,0.026,170.5,,,11.954,0.106,12.104,0.106,11.691,0.103,10.835,0.065,9.026,0.031,14.016,0.088,10.796,-0.06,0.58,128.84,2.49,,,72.95,8.73,2192.1,2.2,2170.6,15,2191.7,2.6,0.244,0.69,70.14,0.05,1.324,11.159,10.728,-0.257,0.342,21.658,136.99,2.67,0.151,0.014,13.967,2.808,2449,2367.4,2280.4,1826.7,32.623,0.476,33.119,0.047,33.119,0.047,-21.96,0.116
NGC7461,70290,G ,22.9886873,15.3133078,23.0300861,15.5823889,87.7500319,-39.6844158,305.4907164,30.8223046,0,S0,B,,,,-1.9,0.5,,0.971,0.049,0.052,0.029,166,21.977,0.389,,,14.482,0.199,,,,,10.113,0.063,,,,,,,,,,160.88,3.76,,,4236.5,19.4,4236.5,19.4,0.383,0,31.55,0.02,1.012,14.036,,,,23.087,,,0.302,0.006,,,4492.1,4410.7,4322.3,3871,33.993,0.251,33.804,0.045,33.804,0.045,-19.768,0.204
NGC7503,70628,G ,23.1362244,7.2961942,23.1784085,7.5678495,84.2188731,-47.5890624,297.0164304,27.0744063,0,E,,,,,-5,0.5,,0.979,0.049,0.054,0.032,76.4,21.959,0.691,16.217,0.08,14.442,0.188,13.487,0.107,12.793,0.09,10.062,0.082,,,,0.41,1.125,,,,,257.93,9.24,,,13213.5,2.9,13213.5,2.9,0.292,0,39.87,0.02,1.024,13.952,12.664,0.489,0.879,23.206,,,,,,,13439.9,13364.6,13256.2,12843.4,36.45,0.082,36.428,0.114,36.443,0.067,-22.491,0.199
NGC7541,70795,G ,23.2030916,4.2613026,23.2455175,4.533989,82.843688,-50.65454,294.0232123,25.3436243,0,SBc,B,,,,4.7,0.9,,1.481,0.028,0.48,0.029,101.6,,,12.553,0.087,12.483,0.087,11.764,0.069,10.569,0.07,8.351,0.012,13.796,0.091,9.892,0.125,0.795,200.53,4.15,,,64.39,34.6,2679.8,2.8,2682.2,10.4,2680,1.9,0.292,0.783,74.85,0.06,1.489,11.393,10.441,-0.06,0.526,22.749,207.75,4.33,,,13.732,2.339,2893.7,2821.2,2705.6,2310.2,32.973,0.401,32.904,0.049,32.904,0.049,-21.511,0.1
NGC7678,71534,G ,23.4327778,22.1457281,23.4744071,22.4212641,98.8817626,-36.5453597,314.1897937,25.556615,0,Sc,B,,,,4.9,0.5,H2,1.306,0.03,0.128,0.024,16.08,22.085,0.309,,,12.497,0.096,12.142,0.905,10.37,0.049,9.139,0.035,14.838,0.091,10.936,-0.025,0.715,136.99,2.95,,,102.28,43.02,3487.9,2.8,3504.5,2.3,3497.8,5.8,0.212,0.219,43.03,0.02,1.32,12.046,10.277,,0.484,22.52,200.76,4.56,0.091,0.008,14.816,2.77,3762.9,3676.7,3597.6,3142.2,33.59,0.302,33.26,0.02,33.26,0.02,-21.214,0.098
NGC7721,72001,G ,23.6038876,-6.7950769,23.6468129,-6.5179905,79.7098484,-63.1212992,284.5981306,16.3477971,1,Sc,,,,,4.9,0.5,,1.495,0.029,0.6,0.028,13.06,22.386,0.444,12.091,0.075,12.241,0.075,11.679,0.078,10.629,0.064,8.725,0.094,13.491,0.097,11.437,-0.095,0.705,139.85,1.82,,,,,2015,2.7,2013.5,6.4,2014.7,1.8,0.145,0.978,81.44,0.11,1.485,11.107,10.566,-0.264,0.461,22.358,141.43,1.85,,,13.38,2.273,2173.1,2112.4,1971.6,1657.3,32.298,0.55,32.514,0.038,32.514,0.038,-21.407,0.084
NGC7761,72641,G ,23.8151241,-13.6597223,23.8580278,-13.3815417,74.4226497,-70.3724806,278.9585465,11.1658247,0,S0,,,,,-2,0.5,,1.089,0.039,0.056,0.025,68,20.588,0.284,,,14.106,0.326,,,11.705,0.079,9.705,0.052,,,13.412,,,,,,,161.55,4.1,,,7188.6,12.7,7188.6,12.7,0.139,0,32.97,0.02,1.103,13.859,11.644,,,23.302,,,0.253,0.005,,,7309.7,7257.9,7105.2,6846.9,35.08,0.153,35.119,0.044,35.116,0.042,-21.257,0.329
NGC7780,72775,G ,23.8496396,7.839838,23.8922645,8.1180803,99.1955446,-52.0649752,300.3395087,16.9076965,0,SABa,B,,,,2,0.4,,0.996,0.097,0.264,0.057,0.1,23.509,0.402,15.702,0.126,14.824,0.037,13.914,0.037,12.92,0.228,10.544,0.093,,,,,,178.82,8.76,,,,,5350,6.5,5214,1.9,5225.1,26.4,0.253,0.324,61.22,0.03,1.009,14.195,12.808,0.391,0.765,23.166,204.02,10.19,,,,,5435.2,5359.5,5242.2,4861.2,34.404,0.207,34.414,0.04,34.414,0.04,-20.219,0.055
PGC000465,465,G ,0.0611714,8.609286,0.1039456,8.8876207,104.4518579,-52.3547524,301.9053037,14.0481371,1,Sbc,,,,,4.2,2.5,,0.96,0.048,0.334,0.028,91,,,,,15.626,0.41,,,,,11.257,0.115,16.987,0.243,,,,207.49,7.26,,,,,11547.2,4.9,11539,42.4,11547.1,3.3,0.401,0.537,65.34,0.04,0.985,14.613,,,,23.564,228.32,8.06,,,16.947,2.334,11753.2,11677.4,11559.6,11187.5,36.146,0.094,36.185,0.067,36.172,0.055,-21.559,0.414
PGC001288,1288,G ,0.2908082,-6.6111932,0.3333484,-6.3336973,101.7525777,-67.9033833,287.9306875,6.6464628,0,SBab,B,,,,2.2,0.8,,1.177,0.036,0.375,0.027,154,22.696,0.389,,,14.425,0.354,,,12.986,0.082,11.125,0.187,16.6,0.266,,,,128.74,6.03,,,,,3710.2,4.2,3715.4,23.9,3710.3,3,0.155,0.457,71.12,0.05,1.176,13.776,12.918,,,23.516,136.06,6.41,,,16.548,2.772,3848,3788.6,3641.1,3366.3,33.614,0.298,33.437,0.096,33.453,0.091,-19.678,0.365
PGC002501,2501,G ,0.6551836,-9.5772302,0.6973515,-9.3031528,115.2362169,-72.0313808,286.6053981,0.6195918,0,S0,B,R,,,-2.5,1.1,,1.166,0.039,0.193,0.03,148.95,22.737,0.439,16.382,0.049,14.604,0.216,13.271,0.179,12.605,0.355,10.122,0.101,,,,,1.05,,,4,13,333.66,15.61,,,16596.3,4.9,16596.3,4.9,0.163,0,62.55,0.04,1.178,14.192,12.534,,0.792,24.155,,,,,,,16707.3,16653.2,16499.6,16268.7,36.935,0.066,36.743,0.082,36.859,0.096,-22.667,0.237
PGC002726,2726,G ,0.732042,36.058394,0.7774194,36.3313333,121.8530594,-26.530326,331.3856747,10.8785473,0,Sc,,,M,,5.6,2.2,,0.909,0.052,0.159,0.036,178.12,,,,,15.541,0.41,,,,,11.273,0.06,,,,,,,,,,,,,,11148,47,11148,47,0.193,0.278,47.16,0.02,0.92,15.02,,,,23.514,,,,,,,11404.9,11316.9,11265.3,10850.8,36.089,0.097,36.121,0.099,36.104,0.069,-21.084,0.416
PGC005341,5341,G ,1.3953628,-6.3536613,1.4373395,-6.0941584,145.9700311,-67.3959773,292.6387642,-9.1344365,0,SBc,B,,,,5.6,0.8,,1.461,0.025,0.807,0.053,0.29,23.783,0.389,,,13.89,0.683,,,12.171,0.077,10.523,0.173,14.542,0.09,13.234,,,114.33,1.04,,,,,1958.7,2.9,1964.2,4.6,1960.3,2.4,0.197,1.34,90,0.83,1.447,12.344,12.084,,,23.432,114.33,,,,13.716,1.372,2053.6,2000.9,1851.9,1661,32.162,0.586,33.29,0.057,33.29,0.057,-20.946,0.685
PGC007299,7299,G ,1.9041457,-0.4563981,1.9468027,-0.2126131,155.8733976,-58.8388822,300.5180646,-14.9168805,0,Sbc,,,,,4.4,2.5,,0.74,0.067,0.24,0.027,46.32,22.445,0.399,17.313,0.255,15.806,0.395,,,14.65,0.102,12.04,0.105,,,,,,,,,,,,,,13762.3,3.7,13762.3,3.7,0.141,0.396,56.95,0.03,0.744,15.179,14.588,,,22.802,,,,,,,13855.5,13801.1,13664.8,13486.5,36.514,0.079,36.7,0.03,36.677,0.093,-21.498,0.406
PGC008796,8796,G ,2.2544254,37.2340228,2.3050944,37.46425,141.4354889,-22.2664011,338.1907285,-6.1379453,0,Sc,,,,,4.8,3,,0.802,0.065,0.104,0.03,82.5,,,,,16,0.5,,,,,12.444,0.082,,,,,,,,,,,,,,11002.4,60,11002.4,60,0.193,0.178,39.13,0.02,0.816,15.568,,,,23.55,,,,,,,11204.3,11127.1,11084.1,10775.3,36.055,0.099,36.01,0.02,36.01,0.02,-20.442,0.5
PGC009449,9449,G ,2.4322354,37.8757883,2.4836397,38.098469,143.290238,-20.8852356,339.7022198,-7.7600631,0,S0-a,,,M,,-0.7,1.3,,0.857,0.182,0.378,0.081,105,,,,,15.457,0.41,,,,,10.555,0.112,,,,,,,,,,,,,,11249.2,38.9,11249.2,38.9,0.262,0,83.66,0.15,0.866,15.026,,,,23.406,,,,,,,11445.2,11369.5,11330.1,11033.5,36.105,0.096,,,36.105,0.096,-21.079,0.421
PGC010738,10738,G ,2.7902623,12.6374175,2.8357889,12.8436667,162.5040803,-40.7332027,318.2102367,-23.0618182,0,E,,,,,-5,2,,0.868,0.075,0.09,0.026,15.5,,,,,15.793,0.36,,,,,10.933,0.088,,,,,,,,,,,,,,10338,60,10338,60,0.588,0,53.06,0.03,0.959,15.05,,,,23.995,,,,,,,10436,10379.8,10280.7,10120.9,35.89,0.106,36.225,0.081,36.103,0.168,-21.053,0.397
PGC010948,10948,G ,2.8501971,42.5229771,2.9045887,42.7260077,145.7457804,-14.6389024,346.1683529,-9.6657514,0,Sc,,,,,4.6,1.7,em,0.873,0.054,0.174,0.031,157.5,,,,,14.652,0.41,,,,,11.369,0.041,,,12.74,,,,,,,,,,,6347.6,29,6347.6,29,0.403,0.292,49.43,0.02,0.904,13.922,,,,22.431,,,,,,,6537.8,6465,6443.3,6165.3,34.867,0.169,34.42,0.045,34.45,0.223,-20.528,0.467
PGC011767,11767,G ,3.105749,-7.2308612,3.1467602,-7.0405944,187.6386998,-51.7391891,298.5326959,-34.0398956,0,S?,B,,,,1.4,4,,1.22,0.04,0.52,0.028,9.59,23.803,0.358,15.896,0.263,14.852,0.302,,,13.295,0.163,10.868,0.177,15.934,0.248,13.653,,,204.78,7.53,,,,,8710.7,6.4,8666,3.2,8674.8,12.5,0.322,0.473,90,0.83,1.23,13.948,13.153,,,24.117,204.78,,,,15.108,1.16,8676.3,8644.6,8513.6,8494.1,35.477,0.127,35.465,0.033,35.466,0.032,-21.518,0.304
PGC018373,18373,G ,6.0378122,-12.6205727,6.0763611,-12.6247222,219.1545005,-16.0206609,309.0037533,-77.3949816,0,Sb,,,,,3,0.5,,1.392,0.028,0.703,0.025,107.25,,,,,14.86,0.5,,,12.645,0.084,10.81,0.277,14.091,0.087,12.654,,,105.81,3.05,,,,,2216,3.9,2215.6,6.2,2215.9,2.4,1.353,0.921,90,0.83,1.491,12.57,12.05,,,24.498,105.81,,,,13.265,0.695,2043.3,2066.5,2009.2,2307.8,32.341,0.54,32.856,0.052,32.856,0.052,-20.286,0.503
PGC018467,18467,G ,6.0597783,64.7311064,6.141775,64.72375,149.4421478,19.9719444,21.4508229,-9.0775632,0,E,,,,,-5,2,,1.06,0.181,0.208,0.081,60,,,,,14.596,0.41,,,,,10.175,0.053,,,,,,,,,,,,,,4280,25,4280,25,0.416,0,90,0.83,1.119,14.116,,,,23.734,,,,,,,4436.2,4386,4464,4278.4,34.054,0.243,34.04,0.042,34.04,0.042,-19.924,0.412
PGC018597,18597,G ,6.1346565,51.8764294,6.2009806,51.8641944,162.0512053,15.348309,19.3320604,-21.782982,0,SBab,B,,,,2.1,2.9,,0.853,0.063,0.156,0.032,110.5,,,,,15.458,0.41,,,,,11.155,0.081,,,,,,,,,,,,,,11119,10.6,11119,10.6,0.888,0.201,48.43,0.02,0.931,14.257,,,,23.233,,,,,,,11221.9,11181.5,11242.5,11143.3,36.089,0.097,,,36.089,0.097,-21.831,0.421
PGC020144,20144,G ,7.0480418,28.3737012,7.1003611,28.2964444,188.6539942,15.4255033,29.9332839,-45.9141003,0,Sb,,,,,3,2,,0.773,0.065,0.248,0.027,113.5,,,,,14.882,0.41,,,,,10.857,0.036,16.589,0.266,12.941,,,123.84,10.7,,,,,4958,7.9,4881,97.3,4957.5,7.1,0.349,0.36,58.63,0.03,0.795,14.136,,,,22.076,145.04,12.61,,,16.557,2.421,4921.7,4917.1,4966.6,5091.4,34.299,0.218,,,34.299,0.218,-20.163,0.465
PGC021593,21593,G ,7.6164293,64.8484785,7.6949053,64.7315675,151.5848594,29.6694851,31.4662841,-9.0663652,0,Sc,,,M,,4.9,2.3,,0.849,0.248,0.029,0.081,,,,,,,,,,,,13.083,0.157,,,,,,,,,,,,,,,,,,0.14,0.05,21.08,0.02,0.861,,,,,,,,,,,,,,,,,,,,,,,
PGC024286,24286,G ,8.5926621,17.8074671,8.6399602,17.6313588,207.9600805,31.3152395,64.8709513,-48.043628,0,E,,R,,,-3.6,1.5,,0.816,0.064,0.074,0.028,41.58,22.282,0.333,16.454,0.131,15.213,0.606,,,13.465,0.096,11.081,0.068,,,,,,,,,,,,,,8214,2.4,8214,2.4,0.134,0,41.18,0.02,0.831,14.957,13.407,,,23.158,,,,,,,8088.9,8118,8202.1,8475.4,35.39,0.132,35.524,0.032,35.524,0.032,-20.567,0.606
PGC024988,24988,G ,8.8602817,-6.9926272,8.9013056,-7.18325,234.7684245,23.1578366,103.5502224,-59.6480959,0,S0,,R,,,-2.3,0.9,,1.076,0.047,0.182,0.024,55.93,,,,,15.66,0.5,,,12.105,0.079,9.888,0.056,,,,,,,,,,,,,,9244,32,9244,32,0.165,0,59.88,0.03,1.089,15.357,12.033,,,24.766,,,,,,,9007.7,9067.7,9119,9550.4,35.623,0.119,35.766,0.043,35.75,0.072,-20.393,0.505
PGC025794,25794,G ,9.1011564,50.4850494,9.1591652,50.2816407,168.3173145,42.3063304,48.2590315,-17.6926227,0,Sab,,,,,2.5,3.7,,0.902,0.055,0.467,0.029,169.45,23.168,0.749,17.348,0.326,15.936,0.5,,,14.445,0.1,11.811,0.081,,,,,,,,,,,,,,5007.5,3.3,5007.5,3.3,0.068,0.591,77.82,0.08,0.889,15.227,14.416,,,23.5,,,,,,,5051.7,5040.4,5165.4,5175.6,34.387,0.21,34.469,0.073,34.46,0.069,-19.233,0.505
PGC026749,26749,G ,9.3819321,34.8465525,9.4327177,34.6298955,190.0325766,45.7510507,61.3009021,-28.2007664,0,Sc,B,R,,,5.2,1.4,,0.826,0.053,0.104,0.025,173.72,22.785,0.325,16.872,0.104,16.02,0.5,,,15.2,0.142,13.354,0.179,16.45,0.297,,,,134.41,8.48,,,,,7259,6.1,7262,3.3,7261.3,2,0.094,0.18,38.96,0.02,0.831,15.706,15.159,,,23.691,213.76,13.85,,,16.429,0.723,7218.6,7232,7356.7,7506.9,35.155,0.147,,,35.155,0.147,-19.45,0.521
PGC027490,27490,G ,9.5866133,52.520792,9.6434105,52.2949707,164.2736868,46.3446523,50.7511723,-13.3454147,0,S0,,,,,-2,2,,0.711,0.079,0.131,0.027,102.97,21.217,0.444,17.643,0.016,16.187,0.344,,,14.696,0.07,12.01,0.221,,,,,,,,,,,,,,15115.3,2.8,15115.3,2.8,0.043,0,49.77,0.02,0.711,15.917,14.677,,,23.475,,,,,,,15169.2,15157.7,15291.9,15286.6,36.765,0.071,,,36.765,0.071,-20.848,0.351
PGC027509,27509,G ,9.6063828,-4.6225131,9.6481946,-4.8489092,239.9527922,33.5917542,105.8444659,-48.343956,0,E,,,,,-4.8,0.5,,1.123,0.085,0.138,0.061,177.5,,,,,13.765,0.087,,,12.205,0.072,9.516,0.161,,,,,,,,,,199.22,21.02,,,6623.8,22.7,6623.8,22.7,0.284,0,67.12,0.04,1.162,13.382,12.08,,,23.233,,,,,,,6391.5,6456.7,6535,6964.1,34.895,0.166,34.813,0.055,34.821,0.052,-21.439,0.101
PGC028061,28061,G ,9.7274741,30.8845999,9.7763149,30.6530779,196.5720574,49.6640316,67.9651817,-27.9499288,0,SBb,B,,M,,3,1.3,,0.937,0.053,0.208,0.027,172.46,21.943,0.252,16.232,0.012,14.839,0.317,,,13.663,0.074,11.339,0.107,16.558,0.297,,,,170.57,12.67,,,,,9963,6,9941.7,4.9,9950.1,7.5,0.088,0.304,54.34,0.03,0.937,14.372,13.624,,,22.919,209.92,15.73,,,16.529,2.157,9885.4,9907,10037.3,10222,35.835,0.108,35.11,0.17,35.626,0.363,-21.254,0.482
PGC030719,30719,G ,10.4062416,16.2731192,10.4510976,16.0179691,223.7868498,54.7923398,87.6431127,-28.8143818,0,SBc,B,,,,4.9,2.3,,0.825,0.064,0.054,0.032,15.99,22.572,1.073,15.775,0.013,15.125,0.321,,,14.04,0.071,11.887,0.19,17.16,0.21,,,,21.24,0.95,,,,,9697,3.7,9681.2,3,9687.6,5.5,0.138,0.092,28.54,0.02,0.836,14.842,13.98,,,22.889,44.45,2.18,,,17.138,2.296,9550.9,9597.1,9729.2,10021.9,35.77,0.112,35.855,0.035,35.847,0.034,-21.005,0.323
PGC031261,31261,G ,10.5238858,19.9627708,10.5690798,19.7043142,218.7893871,57.7489228,84.9370358,-25.5534541,0,Sb,,,M,D,3,1.4,,0.997,0.048,0.071,0.036,35.46,22.168,0.453,16.65,0.124,15.059,0.322,,,13.7,0.097,11.302,0.161,16.072,0.243,,,,173.58,10.46,,,,,10200,5.3,10202,3.9,10201.3,0.8,0.125,0.107,33.23,0.02,1.006,14.75,13.645,,,23.663,316.73,20.26,,,16.05,1.3,10084.3,10125.9,10264.7,10527.6,35.881,0.106,,,35.881,0.106,-21.131,0.339
PGC032950,32950,G ,10.9151381,37.9222231,10.9617938,37.6545572,181.9614109,63.9198594,71.3331118,-11.9987652,0,E-S0,,,,,-3,2.4,,1.06,0.045,0.12,0.028,144.91,22.359,0.432,15.846,0.009,15.095,0.493,,,13.141,0.08,10.778,0.137,,,,,,,,,,,,,,10520.6,4.6,10520.6,4.6,0.072,0,50.51,0.03,1.064,14.865,13.109,,,24.131,,,,,,,10503.3,10519.5,10676,10783.8,35.97,0.102,,,35.97,0.102,-21.104,0.503
PGC033043,33043,G ,10.9286478,59.7547201,10.9799134,59.486759,146.0015467,52.3002402,52.7997439,-0.2360808,0,Sbc,,,,,3.6,2.2,,0.594,0.261,0.38,0.062,84.01,,,,,15.636,0.41,,,,,,,,,,,,,,,,,,,,6604.4,2.3,6604.4,2.3,0.052,0.577,69.45,0.05,0.584,14.964,,,,21.695,,,,,,,6703,6684.7,6833.2,6752.4,34.989,0.159,35.187,0.029,35.187,0.029,-20.223,0.411
PGC033749,33749,G ,11.0970073,3.7689628,11.1399855,3.4979512,252.2757039,55.8808581,105.0444078,-24.4894976,0,SBb,B,,,,3.1,0.5,,0.913,0.161,0.324,0.08,157.02,21.232,0.187,16.407,0.05,14.911,0.458,,,13.81,0.055,11.112,0.043,16.445,0.243,12.587,,,155.06,9.34,,,,,7598,5.1,7614.3,2.7,7610.6,5,0.196,0.467,65.62,0.04,0.919,14.191,13.723,,,22.685,170.25,10.41,,,16.405,2.214,7426.9,7490.9,7619.1,7974.5,35.228,0.142,,,35.228,0.142,-21.037,0.479
PGC033856,33856,G ,11.1186795,37.2733145,11.1645198,37.0019678,181.8225972,66.4235971,73.1349018,-10.2249233,0,Sab,,R,,,2.1,2.1,,0.819,0.259,0.335,0.081,38.2,21.939,0.442,16.337,0.012,15.429,0.321,,,14.178,0.087,11.989,0.113,,,,,,,,,,,,,,8935,3.8,8935,3.8,0.05,0.411,67.76,0.04,0.81,14.878,14.156,,,22.786,,,,,,,8917.4,8934.9,9094.3,9201.7,35.613,0.119,,,35.613,0.119,-20.734,0.342
PGC034650,34650,G ,11.2777771,54.7345423,11.3252332,54.4608547,148.2274143,57.9192047,58.5592188,-0.3531637,0,Sbc,,,,,4.3,2.6,,0.71,0.082,0.29,0.031,115.63,24.676,0.588,17.787,0.408,16.55,0.379,,,15.312,0.089,12.862,0.092,,,,,,,,,,,,,,20880.3,5.7,20880.3,5.7,0.057,0.472,61.67,0.04,0.704,15.885,15.288,,,23.309,,,,,,,20957.1,20947,21103,21057.5,37.487,0.051,,,37.487,0.051,-21.602,0.383
PGC035934,35934,G ,11.571144,-8.309558,11.6135597,-8.5863852,273.475674,49.968861,119.7753947,-21.0359661,0,Sb,,,,,3.1,0.7,,1.212,0.036,0.566,0.027,75.71,,,,,13.79,0.5,,,12.368,0.1,9.942,0.051,15.612,0.245,12.865,,,208.25,9.68,,,,,4624.7,5.8,4569.9,6.9,4601.9,19.3,0.154,0.778,84.25,0.16,1.204,12.824,12.301,,,22.697,209.31,9.75,,,15.448,2.625,4382.3,4458.6,4571.6,4969.6,34.113,0.238,,,34.113,0.238,-21.289,0.554
PGC038809,38809,G ,12.1450619,18.1663746,12.1875092,17.8882693,255.7654582,76.9153337,96.2061959,-5.2049851,0,Scd,,,,C,7.5,2.6,,0.805,0.061,0.086,0.024,88.71,20.647,0.209,15.87,0.103,14.752,0.305,14.312,0.305,14.013,0.057,11.903,0.097,16.136,0.227,13.277,,,97.54,4.42,,,,,7043.4,4.2,7022.8,2.5,7028.1,6.6,0.18,0.158,39.09,0.02,0.818,14.389,13.934,-0.234,0.336,22.34,154.71,7.32,,,16.115,1.725,6938.4,6983.5,7144.2,7352.2,35.093,0.152,,,35.093,0.152,-20.703,0.341
PGC043690,43690,G ,12.8328802,-9.5051084,12.8762912,-9.7765831,303.3994424,53.094139,125.7081929,-3.2142915,0,SABa,B,,,,2.1,0.7,,1.121,0.036,0.221,0.023,113.54,,,,,14.165,0.442,,,12.355,0.075,10.518,0.088,15.155,0.266,11.872,,,101.87,5.5,,,,,2556.5,5.4,2588,38.9,2557.1,4.9,0.198,0.279,56.57,0.03,1.131,13.662,12.268,,,23.186,122.07,6.66,,,15.124,1.462,2376.2,2449.4,2569.5,2892.1,32.873,0.422,33.083,0.048,33.083,0.048,-19.421,0.444
PGC046187,46187,G ,13.2294377,7.3098367,13.2713981,7.0462356,320.4252456,69.0698415,111.0630564,6.9926452,0,E,,,,,-4.1,0.5,,1.172,0.038,0.12,0.028,22.48,21.775,0.31,16.484,0.145,14.274,0.144,13.244,0.144,13.15,0.089,10.143,0.137,,,,0.34,1.06,,,,,,,,,15056,2.8,15056,2.8,0.136,0,55.29,0.03,1.187,13.913,13.09,0.358,0.856,23.989,,,,,,,14959.2,15012.2,15163.1,15362.4,36.746,0.072,,,36.746,0.072,-22.833,0.16
PGC047514,47514,G ,13.4731684,-14.8439723,13.5177751,-15.1013279,316.9459286,46.6892993,133.4621818,4.3043189,0,Sc,,,,,4.9,0.5,,1.102,0.03,0.693,0.02,96.13,,,,,15.1,0.494,,,13.395,0.069,11.6,0.075,,,,,,112,1.82,,,,,4232.4,5.6,4217,3.1,4220.7,5.1,0.288,1.121,90,0.83,1.101,13.668,13.268,,,23.09,112,,,,,,4049,4121.7,4228.9,4523.3,33.951,0.257,34.15,0.04,34.15,0.04,-20.482,0.496
PGC048213,48213,G ,13.597449,-10.4504174,13.6415876,-10.7041807,321.283519,50.4832658,129.7986918,7.3589563,0,S0,,,,,-2,0.5,,1.227,0.111,0,0.081,,20.604,0.24,,,13.877,0.428,,,11.545,0.111,9.641,0.065,,,,,,,,,,234.3,11.32,,,6688.1,24.9,6688.1,24.9,0.326,0,0,0.02,1.264,13.45,11.402,,,23.772,,,,,,,6537.6,6605.6,6722.3,6985.7,34.949,0.162,,,34.949,0.162,-21.499,0.458
PGC048439,48439,G ,13.6576584,55.9297784,13.6887861,55.6777401,108.8091724,60.0616307,62.3034653,19.4231668,0,Sbc,,,,,3.6,2.3,,0.787,0.063,0.466,0.027,6.26,,,17.506,0.022,16.343,0.5,,,15.102,0.078,12.663,0.109,,,,,,,,,,,,,,11938.7,4.4,11938.7,4.4,0.041,0.695,75.47,0.07,0.772,15.53,15.085,,,23.229,,,,,,,12071,12052.9,12214.9,12066.5,36.265,0.089,,,36.265,0.089,-20.735,0.508
PGC048783,48783,G ,13.722887,35.8610957,13.7597209,35.6111817,72.6016619,75.6873376,83.5929324,19.203986,0,S0,,,,,-2,1.4,,1.111,0.041,0.242,0.028,34.05,21.827,0.274,16.19,0.019,14.772,0.343,,,13.076,0.073,10.535,0.057,,,,,,,,,,,,,,7117.6,3.1,7117.6,3.1,0.051,0,68.56,0.05,1.108,14.615,13.053,,,24.042,,,,,,,7169.3,7179.8,7350.9,7325.5,35.155,0.148,35.091,0.108,35.113,0.087,-20.499,0.354
PGC049153,49153,G ,13.8141784,49.5620749,13.8468936,49.3151063,99.6190252,65.0390432,69.0750018,20.8909684,0,SABb,B,,,,4.4,3,,0.899,0.064,0.257,0.028,177.4,22.501,0.328,16.758,0.121,15.572,0.5,,,14.568,0.092,12.76,0.1,,,,,,,,,,,,,,8460.3,7.2,8460.3,7.2,0.061,0.422,58.55,0.03,0.895,15.035,14.541,,,23.335,,,,,,,8572.4,8562.5,8729.1,8610.5,35.53,0.124,35.695,0.03,35.695,0.03,-20.66,0.501
PGC051473,51473,G ,14.3740199,26.8507093,14.4112527,26.6252055,36.8922364,69.2322734,94.1394685,26.7101791,0,E,,,,,-5,2.6,,0.954,0.059,0.17,0.027,128.2,23.096,0.52,16.468,0.194,15.434,0.613,,,13.519,0.111,11.134,0.171,,,,,,,,,,,,,,11131.2,2.7,11131.2,2.7,0.082,0,90,0.83,0.961,15.186,13.483,,,24.052,,,,,,,11172.9,11189.6,11352.6,11329.8,36.105,0.096,36.177,0.087,36.144,0.065,-20.958,0.617
PGC052882,52882,G ,14.7664577,-4.5286874,14.8101751,-4.7361504,348.9972884,47.3819711,129.7862222,25.7165022,1,Sc,,,,,5.9,0.6,,1.039,0.059,0.148,0.027,6.83,,,,,15.34,0.5,,,,,10.968,0.36,,,,,,,,,,,,12594,5.5,12531,64,12593.5,5.6,0.363,0.262,45.65,0.02,1.067,14.658,,,,23.984,,,,,,,12525.7,12574.7,12691.2,12811,36.355,0.085,35.19,0.19,36.159,0.583,-21.501,0.768
PGC053564,53564,G ,14.9543349,13.4130974,14.993965,13.2149334,14.4376924,56.9931826,110.7132669,33.1438389,0,Sab,,,,,1.7,2.2,S2,0.774,0.066,0.143,0.026,43.34,21.635,0.296,16.602,0.045,15.24,0.349,15.2,0.1,14.161,0.081,11.585,0.128,,,13.938,,,,,,,,,,,12744.6,3.3,12744.6,3.3,0.146,0.168,46.72,0.02,0.782,14.799,14.097,,,22.654,,,,,,,12760.2,12786.7,12929.1,12929.1,36.392,0.084,,,36.392,0.084,-21.594,0.359
PGC053805,53805,G ,15.042746,36.1587662,15.0757576,35.9650335,58.6745943,60.4605408,83.2084882,35.1901631,0,E,,R,,,-4.2,1.4,,0.84,0.06,0.088,0.028,77.41,21.886,0.381,16.05,0.093,14.403,0.095,13.313,0.095,12.862,0.094,10.324,0.081,,,,,1.14,,,,,,,,,14800.4,4.3,14800.4,4.3,0.06,0,47.2,0.02,0.845,14.121,12.836,,0.936,22.466,,,,,,,14909.6,14906.5,15064.2,14930.8,36.733,0.072,34.72,0.37,36.733,0.072,-22.612,0.12
PGC054817,54817,G ,15.3147166,-7.2689141,15.3592694,-7.4476667,354.8141363,39.8467803,136.1554665,32.3090059,0,S0,,,,,-1.9,0.5,,1.255,0.04,0.58,0.028,3.12,,,,,14.975,0.487,,,12.825,0.075,11.27,0.172,,,,,,,,,,,,1937,5.5,1937,60,1937,3.9,0.424,0,90,0.83,1.28,14.521,12.638,,,24.896,,,,,,,1888.4,1932.3,2033.3,2111,32.384,0.534,32.606,0.033,32.606,0.033,-18.084,0.488
PGC054920,54920,G ,15.3448411,8.7055673,15.3853869,8.5284114,12.7217034,49.6347718,117.7911071,37.8384144,0,S0,,,,,-2.5,1.4,,0.864,0.196,0.018,0.1,,21.529,0.389,17.25,0.018,15.569,0.318,,,14.108,0.083,11.909,0.066,,,,,,,,,,195.44,6.85,,,9863.6,18.6,9863.6,18.6,0.148,0,19.24,0.02,0.881,15.274,14.043,,,23.647,,,,,,,9881.3,9907.7,10036.3,10022.6,35.835,0.108,,,35.835,0.108,-20.561,0.335
PGC055883,55883,G ,15.695064,28.5721836,15.7294591,28.41527,45.1961701,52.0635704,91.864723,44.2212618,0,SBb,B,,,,3.3,1.7,,0.739,0.292,0,0.081,,21.382,0.197,16.045,0.01,15.102,0.317,,,13.983,0.107,11.707,0.129,15.688,0.243,,,,131.75,7.94,,,,,9808,5,9818.2,4.3,9813.9,3.5,0.135,0,0,0.02,0.752,14.893,13.923,,,22.537,,,,,15.666,0.774,9926.7,9924.5,10067.3,9913.5,35.844,0.108,,,35.844,0.108,-20.951,0.335
PGC056286,56286,G ,15.874872,66.0822659,15.8821583,65.9355278,99.8818679,42.1668227,46.3984609,31.4828505,0,Sbc,,,,,4.2,2.5,,0.822,0.06,0.31,0.028,124.5,,,,,16.75,0.5,,,,,13.172,0.16,,,,,,,,,,,,,,10918.4,21,10918.4,21,0.145,0.5,63.41,0.04,0.823,16.034,,,,24.035,,,,,,,11135.6,11091.4,11226.8,10928.2,36.08,0.097,36.207,0.031,36.195,0.063,-20.161,0.504
PGC056437,56437,G ,15.9018967,16.6675249,15.9398807,16.523385,28.8640525,46.0404288,108.914333,47.1802708,0,S0-a,B,R,,,-1.1,0.6,,1.02,0.046,0.163,0.033,36.92,21.052,0.389,16.06,0.009,14.645,0.157,,,13.091,0.074,10.642,0.056,,,,,,,,,,137.55,7.03,,,4742,19.8,4742,19.8,0.141,0,53.4,0.03,1.027,14.433,13.029,,,23.45,,,,,,,4821.6,4830.3,4957,4842.8,34.281,0.219,34.24,0.04,34.24,0.04,-19.807,0.162
PGC056767,56767,G ,16.0381792,70.553985,16.0353,70.4171667,104.3158545,39.0857535,41.7197196,29.3535266,0,E,,,,,-4.3,1.8,,,,,,85,,,,,14.72,0.318,,,,,10.631,0.072,,,,,,,,,,,,,,7559,34,7559,34,0.109,,,,,14.498,,,,,,,,,,,7785,7736.2,7865.7,7553.9,35.299,0.138,,,35.299,0.138,-20.801,0.347
PGC057535,57535,G ,16.2165429,61.1467017,16.2292354,61.0218514,92.5465724,42.2759061,49.348737,36.332151,0,Sb,,,,,2.7,3,,0.905,0.057,0.45,0.028,24.82,,,,,15.643,0.41,,,,,13,0.105,,,,,,,,,,,,,,,,,,0.062,0.597,75.98,0.07,0.893,14.984,,,,23.221,,,,,,,,,,,,,,,,,,
PGC058102,58102,G ,16.4020839,40.4572389,16.4303437,40.3451235,64.0233786,44.2479542,71.6240512,49.3691918,0,Sd,,,M,,7.8,1.7,,0.752,0.2,0.14,0.059,7.21,22.173,0.253,15.762,0.167,15.22,0.328,,,14.224,0.1,11.981,0.141,16.071,0.266,12.764,,,89.19,7.71,,,,,8682,7.9,8705.5,1.9,8704.2,3.9,0.035,0.256,49.3,0.02,0.75,14.907,14.209,,,22.435,117.63,10.48,,,16.05,1.143,8886.4,8861.3,8995.2,8731,35.592,0.121,,,35.592,0.121,-20.685,0.349
PGC059076,59076,G ,16.8032453,40.5181629,16.8308787,40.4333508,64.3857733,39.6798415,67.862374,53.2972874,0,Sc,,,,,6,2,,0.72,0.055,0.36,0.082,83.06,21.982,0.184,16.949,0.081,15.859,0.373,,,15.117,0.051,12.809,0.103,,,,,,,,,,,,,,8832.2,3.1,8832.2,3.1,0.075,0.631,66.12,0.04,0.713,15.113,15.083,,,22.496,,,,,,,9031.1,9000.7,9125.6,8829.8,35.623,0.119,35.405,0.041,35.428,0.109,-20.316,0.389
PGC059162,59162,G ,16.8408021,30.7930942,16.8729674,30.7110452,52.1321269,37.7878713,82.8405677,58.2357694,0,E-S0,,,M,,-3,2,,0.925,0.144,0.207,0.085,104.88,21.566,0.506,16.904,0.009,15.123,0.331,,,13.727,0.097,10.788,0.121,,,,,,,,,,,,,,10916.4,3.4,10916.4,3.4,0.147,0,68.2,0.05,0.936,14.812,13.662,,,23.468,,,,,,,11091.3,11069.8,11187.1,10920.1,36.072,0.097,,,36.072,0.097,-21.26,0.345
PGC060162,60162,G ,17.3671224,60.0561398,17.3780877,60.01065,88.877422,34.259011,41.895596,42.6212475,0,SBc,B,,,D,5,1.5,,0.867,0.064,0.23,0.028,28.04,22.324,0.395,16.457,0.149,15.49,0.326,,,14.748,0.117,13.033,0.156,,,,,,,,,,,,,,5580.5,4.7,5580.5,4.7,0.11,0.391,55.63,0.03,0.868,14.959,14.7,,,23.127,,,,,,,5828,5776.3,5894.6,5533.1,34.663,0.184,,,34.663,0.184,-19.704,0.375
PGC061289,61289,G ,17.9924449,26.2522847,18.026009,26.2529734,52.156653,21.9650571,74.0082772,73.6858477,1,S0,,,,,-2,2,,,,,,110,,,,,14.479,0.35,,,,,10.662,0.04,,,13.521,,,,,,,,,,,4647,31,4647,31,0.428,,,,,13.982,,,,,,,,,,,4859.9,4824.6,4903.5,4556,34.263,0.222,34.031,0.031,34.031,0.031,-20.049,0.351
PGC061808,61808,G ,18.3523846,29.874564,18.3844852,29.9013889,57.5873642,18.8184041,52.405175,74.0252009,1,,,,,,,,,0.969,0.049,0.09,0.028,176.5,,,,,14.823,0.41,,,,,11.329,0.06,,,,,,,,,,,,,,8083,33,8083,33,0.488,,36.3,0.02,,14.255,,,,23.409,,,,,,,8319.1,8275.2,8347.6,7963.1,35.434,0.13,35.37,0.03,35.37,0.03,-21.115,0.411
PGC063832,63832,G ,19.9080196,40.2996928,19.9369176,40.4339623,75.6113123,6.1315001,1.1858509,61.9280506,1,E,,,,,-5,0.5,,0.788,0.194,0,0.065,,,,,,14.694,0.09,13.484,0.09,,,9.117,0.057,,,,,,,,,,,,,,4761,80,4761,80,1.363,0,0,0.02,1.008,13.26,,,0.866,22.515,,,,,,,5057.7,4987.4,5029.6,4548.1,34.317,0.218,34.068,0.053,34.068,0.053,-20.808,0.105
PGC064024,64024,G ,20.0230227,49.1783819,20.0471889,49.3197778,83.9253283,9.671145,7.7401227,53.6630556,0,E,,,,,-5,2,,,,,,100,,,,,14.4,0.41,,,,,10.003,0.043,,,,,,,,,,,,,,7071,49,7071,49,0.841,,,,,13.453,,,,,,,,,,,7374.2,7300.5,7354.9,6874.5,35.155,0.148,35.231,0.065,35.219,0.06,-21.766,0.414
PGC065328,65328,G ,20.7174862,-5.1331014,20.761437,-4.9501009,42.0475695,-27.5983562,261.6132707,55.6936481,0,Sab,,,,,2,0.5,,1.06,0.04,0.1,0.028,81.98,,,16.563,0.02,14.981,0.5,,,13.372,0.305,11.269,0.122,,,,,,,,,,,,,,8598,10.7,8598,10.7,0.231,0.128,39.42,0.02,1.078,14.537,13.271,,,23.876,,,,,,,8784.2,8738.4,8669.9,8307.5,35.509,0.125,,,35.509,0.125,-20.973,0.515
PGC071505,71505,G ,23.4240256,8.5073923,23.4663306,8.7828611,90.6410183,-48.7857618,299.4311761,23.204648,0,S?,,,,,5.5,4.7,,0.544,0.236,0.135,0.061,33,,,,,14.249,0.299,,,,,11.48,0.051,,,,,,,,,,,,,,8664,34,8664,34,0.256,0.236,43.86,0.02,0.562,13.719,,,,20.445,,,,,,,8888.1,8811.5,8701.1,8295.1,35.52,0.125,,,35.52,0.125,-21.801,0.324
PGC072411,72411,G ,23.7480348,28.1156088,23.7901453,28.3934699,106.2358821,-32.39387,321.227613,22.0215773,0,Sbc,,,,,4.2,2.5,,0.949,0.051,0.349,0.027,174.5,,,,,15.029,0.41,,,13.285,0.03,11.17,0.047,16.081,0.213,13.086,,,179.4,4.89,,,,,9023.2,4.1,9032.8,3.7,9028.5,4.3,0.312,0.561,66.55,0.04,0.965,14.097,13.148,,,22.885,195.54,5.39,,,16.039,1.942,9299.4,9210.7,9143.3,8688.1,35.633,0.119,35.849,0.045,35.822,0.108,-21.725,0.424
UGC00005,205,G ,0.0088642,-2.1922484,0.0515714,-1.9138398,96.2227882,-62.2520327,290.9995717,11.9505621,0,Sbc,B,,,,3.9,0.6,,1.144,0.039,0.338,0.026,47,,,,,14.222,0.273,,,12.17,0.088,10.235,0.057,15.578,0.094,13.029,,,211.11,6.56,,,,,7285.7,7.1,7299.1,3.1,7296.9,3.9,0.173,0.531,65.92,0.04,1.147,13.471,12.094,,,23.084,231.23,7.25,,,15.537,2.066,7463,7397.7,7259.6,6940.5,35.118,0.149,,,35.118,0.149,-21.647,0.311
UGC00014,250,G ,0.016933,22.9224101,0.0597249,23.2007729,108.8693015,-38.3606804,316.3211192,17.671941,0,Sc,,,,,5.6,0.9,,1.018,0.034,0.268,0.022,25.38,22.77,0.553,15.813,0.012,14.113,0.378,,,12.766,0.388,10.789,0.13,15.712,0.097,12.891,,0.91,161.66,2.43,,,,,7250.9,3.1,7266.2,2.5,7260,5.6,0.408,0.467,58.97,0.03,1.046,13.205,12.586,,,22.423,188.66,2.9,,,15.68,2.475,7511.4,7425.5,7341.9,6913.5,35.143,0.148,35.03,0.02,35.03,0.02,-21.825,0.378
UGC00040,415,G ,0.0538783,27.1709059,0.0967799,27.449222,110.6597523,-34.3327502,320.8088735,17.8681406,0,SBb,B,,,,3.3,1.3,,1.029,0.087,0.207,0.048,97.55,23.113,0.753,16.137,0.013,15.058,0.302,,,13.186,0.252,10.828,0.064,16.459,0.138,,,,177.06,4.65,,,,,7523.3,3.1,7511.1,2.5,7515.9,4.6,0.305,0.314,54.06,0.03,1.049,14.383,13.052,,,23.587,218.69,6.01,,,16.43,2.047,7776.4,7688.6,7615.7,7178.5,35.228,0.142,35.02,0.02,35.02,0.02,-20.637,0.303
UGC00052,515,G ,0.0709744,8.3502174,0.1137538,8.6285362,104.5597003,-52.6445085,301.6829769,13.8439057,0,Sc,,,,,5.3,0.6,,1.11,0.048,0.124,0.031,143,,,,,14.929,0.322,,,,,10.441,0.077,15.329,0.096,13.138,,0.83,93.05,3.35,,,,,5255.7,3.2,5256.5,1.8,5256.3,1.2,0.457,0.216,42.31,0.02,1.148,14.227,,,,23.977,138.25,5.2,,,15.307,1.08,5461.2,5385.6,5267.1,4896.9,34.421,0.206,34.215,0.052,34.227,0.103,-20.001,0.338
UGC00139,963,G ,0.1994884,-1.0155605,0.2421842,-0.7376102,102.8517963,-62.1618638,292.9640812,9.5361693,0,SABc,B,,M,,5.2,0.8,,1.195,0.033,0.372,0.033,82.28,22.673,0.318,15.822,0.071,14.543,0.36,,,13.142,0.323,11.078,0.08,14.576,0.084,,,0.88,140.53,2.29,,,,,3959.3,4.3,3946.4,4.2,3952.6,5,0.194,0.631,67.43,0.04,1.198,13.696,13.056,,,23.553,152.19,2.53,,,14.533,0.837,4117.2,4051.1,3913.5,3599.6,33.778,0.277,33.453,0.051,33.453,0.051,-19.757,0.364
UGC00272,1713,G ,0.4211536,-1.4764966,0.4638152,-1.1999464,109.6294282,-63.4602974,293.4406807,6.2135453,0,SABc,B,,,,6.5,0.8,,1.128,0.029,0.435,0.023,126.43,23.842,0.456,16.172,0.207,15.228,0.306,,,14.043,0.315,12.921,0.166,15.393,0.161,,,,101.93,3.1,,,,,3897.3,4.8,3898.7,2.8,3898.3,1.8,0.099,0.769,70.66,0.05,1.12,14.342,13.999,,,23.753,108.03,3.31,,,15.343,1,4053,3988.3,3848.4,3552.1,33.733,0.282,33.723,0.176,33.725,0.15,-19.383,0.341
UGC00291,1788,G ,0.4426599,32.8278349,0.4868328,33.1041378,117.5822345,-29.536569,327.4573386,13.7970442,0,Sm,,,,,9,0.5,,0.935,0.11,0.048,0.057,68.89,23.879,0.598,17.857,0.061,16.735,0.442,,,15.673,0.126,,,16.301,0.185,,,,72.37,2.09,,,,,4820,4.7,4821.7,9.3,4820.3,3,0.361,0.088,29.28,0.02,0.967,16.278,15.514,,,25.054,147.99,5.65,,,16.28,0.001,5080.6,4992.2,4932.3,4505.8,34.281,0.22,,,34.281,0.22,-18.003,0.494
UGC00595,3444,G ,0.9170961,-1.6628076,0.9596866,-1.3927504,126.4642939,-64.2223673,295.2830198,-0.9941701,0,E,,,,C,-4.4,1.2,S3,0.944,0.06,0.031,0.025,,22.788,0.389,,,14.378,1.111,,,12.684,0.076,11.151,0.487,,,,,,,,32,14,235.81,11.21,,,13499.4,15.1,13499.4,15.1,0.153,0,28.26,0.02,0.965,14.022,12.617,,,22.969,,,,,,,13633.6,13571.9,13429.9,13171.8,36.478,0.081,,,36.478,0.081,-22.457,1.114
UGC00607,3508,G ,0.9354007,12.4786376,0.9791417,12.7483333,125.7106161,-50.0839559,308.9798079,2.5480452,0,Sc,,,,,5.9,0.4,,0.891,0.055,0.063,0.034,25,,,,,15.368,0.318,,,,,11.344,0.145,16.758,0.297,,,,136.22,5.53,,,,,11643.7,6,11738.6,24,11649.3,16.3,0.38,0.111,30.57,0.02,0.925,14.825,,,,23.442,267.88,11.97,,,16.736,1.912,11836.4,11761.4,11647.8,11319.6,36.162,0.093,36.417,0.044,36.371,0.127,-21.546,0.343
UGC00638,3697,G ,0.9896539,26.6832324,1.0348222,26.9518841,125.8608989,-35.8592462,322.9268041,5.5225596,0,E,,,,,-4,2,,1.11,0.045,0.136,0.027,99.73,23.514,0.26,16.232,0.016,15.123,0.662,,,12.829,0.099,10.428,0.147,,,,,,,,,,334.34,114.46,,,14397.6,3.4,14397.6,3.4,0.336,0,59.01,0.03,1.153,14.571,12.682,,,24.524,,,,,,,14625.1,14541.6,14463.5,14087.3,36.642,0.075,,,36.642,0.075,-22.072,0.667
UGC00646,3773,G ,1.0114967,31.9691215,1.0573224,32.2373374,125.8792635,-30.5656772,328.1438225,6.5751963,0,SBb,B,,,,2.5,1.3,,1.219,0.031,0.415,0.028,103.03,22.239,0.338,16.161,0.012,14.816,0.312,,,12.585,0.192,10.46,0.058,17.545,0.269,,,,174.08,5.51,,,,,5298,5,5284.8,1.3,5285.6,2.7,0.319,0.536,73.67,0.06,1.232,13.921,12.445,,,24.03,181.4,5.78,,,17.486,3.564,5524.8,5439.4,5375.8,4987.5,34.472,0.202,34.14,0.037,34.14,0.037,-20.218,0.314
UGC00934,5085,G ,1.3446352,30.5237749,1.3912011,30.7844771,131.0088741,-31.5843318,327.9061925,2.0719044,0,Sc,,,M,,4.6,1.7,,1.01,0.048,0.484,0.026,145.64,21.846,0.742,16.368,0.018,14.631,0.397,13.681,0.397,13.541,0.089,10.975,0.046,16.665,0.194,,,,185.74,7.23,,,,,10457,4.3,10497.5,1.9,10490.7,10.5,0.231,0.784,75.19,0.07,1.012,13.558,13.439,,0.741,22.54,192.13,7.51,,,16.6,3.041,10713.9,10631.2,10563.9,10203.2,35.943,0.103,,,35.943,0.103,-22.385,0.41
UGC01162,6056,G ,1.5881851,41.4001864,1.6376306,41.6540833,132.2370505,-20.3701112,339.1721523,2.5817617,0,Sb,B,R,,,3,0.4,,0.97,0.051,0.26,0.028,167,,,,,15.239,0.398,,,,,10.761,0.176,,,,,,,,,,,,,,11104.9,9.7,11104.9,9.7,0.274,0.379,59.81,0.03,0.985,14.503,,,,23.399,,,,,,,11341.4,11257.8,11222.5,10855.2,36.08,0.097,36.184,0.033,36.173,0.052,-21.67,0.401
UGC01191,3166535,? ,1.6580247,7.410892,1.70178,7.6628,144.1569329,-53.108097,307.1380392,-9.1228183,1,,,,,,,,,,,,,,,,,,16,0.5,,,,,,,,,,,,,,,,,,,,,,,,0.18,,,,,15.82,,,,,,,,,,,,,,,,,,,,,,
UGC01393,7163,G ,1.877389,21.0416512,1.9235278,21.2862778,142.2706746,-39.1710553,321.2243786,-7.7793627,0,E-S0,,,,,-2.8,1.1,,0.929,0.048,0.31,0.026,64.75,,,,,15.684,0.332,,,,,11.206,0.127,15.805,0.297,,,,221.21,16.43,,,,,12402,6.8,12320,56,12400.8,8.5,0.335,0,90,0.83,0.959,15.163,,,,24.029,221.21,,,,14.979,-0.184,12574.2,12500.9,12411.2,12126.2,36.303,0.087,,,36.303,0.087,-21.139,0.343
UGC01666,8334,G ,2.1305449,34.7492693,2.1801694,34.9844722,140.8194224,-25.1151395,335.2919922,-5.7893083,0,,,,,,,,,0.978,0.103,0,0.057,,,,,,16.06,0.359,,,,,11.432,0.121,,,,,,,,,,,,,,13293,42,13293,42,0.389,,0,0.02,,15.538,,,,24.69,,,,,,,13494,13416.4,13365.4,13054,36.464,0.081,36.31,0.02,36.31,0.02,-20.772,0.359
UGC01993,9618,G ,2.4758371,39.157673,2.527788,39.3784191,143.2545176,-19.5054036,341.088988,-7.6319009,0,Sb,,,,,3.2,0.8,,1.253,0.037,0.693,0.034,140,22.591,0.389,,,14.203,0.327,,,,,10.745,0.113,15.585,0.12,,,,228.68,8.42,,,,,8021.6,6.6,8005,72.8,8021.5,4.7,0.242,0.932,90,0.83,1.248,12.969,,,,23.138,228.68,,,,14.759,1.79,8218.8,8143.1,8107.8,7810.8,35.367,0.134,35.21,0.03,35.21,0.03,-22.241,0.328
UGC02033,9758,G ,2.5103058,37.4482866,2.5618081,37.6675059,144.3827062,-20.9074422,339.7453927,-8.7800219,0,SBb,B,,,,3.1,0.4,,1.126,0.076,0.286,0.053,153.46,,,,,14.626,0.323,,,,,11.057,0.084,,,,,,,,,,,,,,10549.2,10.6,10549.2,10.6,0.215,0.416,62.19,0.04,1.135,13.915,,,,23.523,,,,,,,10740.8,10666,10626.3,10337.2,35.961,0.102,,,35.961,0.102,-22.045,0.339
UGC02295,10659,G ,2.7729724,2.9614792,2.8163444,3.1686389,170.6259265,-48.5114929,308.1776101,-26.3298256,0,Sb,,,,,3.1,0.7,,1.174,0.035,0.471,0.026,81.8,21.932,0.389,,,13.917,0.324,,,12.04,0.1,9.886,0.036,16.082,0.297,12.698,,,171.25,6.51,,,,,4171.9,4.6,4168,50.4,4171.9,3.1,0.263,0.664,76.59,0.07,1.18,12.959,11.924,,,22.768,176.05,6.71,,,16.01,3.051,4233.1,4185.8,4066.4,3955.6,33.866,0.267,,,33.866,0.267,-20.907,0.42
UGC02468,11384,G ,2.9572324,44.2543863,3.0127194,44.4519722,145.9569443,-12.5612709,348.2856753,-9.7175508,0,S0-a,,,,,0,0.5,,1.279,0.034,0.214,0.027,165.52,,,,,16.5,0.5,,,,,9.729,0.111,,,,,,,,,,,,,,9050,9.7,9050,9.7,0.903,0.086,58.47,0.03,1.355,15.375,,,,26.504,,,,,,,9240.1,9168,9152.5,8877.2,35.633,0.119,,,35.633,0.119,-20.258,0.514
UGC02650,12241,G ,3.2506384,-1.8775009,3.2929084,-1.695121,183.1963029,-46.7426049,305.4884676,-34.6585651,0,Sab,,,,,2,0.3,,1.038,0.041,0.688,0.027,64.17,,,,,15.542,0.321,,,13.38,0.081,11.116,0.097,,,,,,,,,,,,,,8482,30,8482,30,0.364,0.724,90,0.83,1.044,14.37,13.22,,,23.608,,,,,,,8497.3,8461.9,8342.3,8308.1,35.423,0.13,35.617,0.101,35.544,0.08,-21.175,0.33
UGC02708,12702,G ,3.3419695,40.3809081,3.3969015,40.5577986,151.7686431,-13.6302803,347.561659,-15.4344789,0,S0,,,,,-2,0.4,,1.033,0.049,0.029,0.026,,22.447,0.41,16.758,0.011,15.359,0.525,,,12.719,0.071,,,,,,,,,,,,,,,,5331.4,2.6,5331.4,2.6,0.781,0,23.83,0.02,1.119,14.498,12.375,,,24.276,,,,,,,5495.5,5428.7,5408.2,5176.1,34.472,0.201,34.44,0.12,34.448,0.103,-19.951,0.535
UGC02828,13613,G ,3.6515539,39.0856217,3.7066722,39.2445278,155.5153855,-12.5763634,348.8408154,-19.0309543,0,Sb,B,R,,,3.2,0.4,,0.975,0.054,0.1,0.03,179.5,,,,,15.253,0.319,,,,,10.594,0.044,,,13.166,,,,,,,,,,,12310.2,25.4,12310.2,25.4,0.989,0.153,38.89,0.02,1.064,14.019,,,,23.697,,,,,,,12457,12394.5,12375.8,12174.2,36.295,0.088,,,36.295,0.088,-22.277,0.331
UGC02829,13580,G ,3.6525933,8.0006411,3.6974619,8.1598267,178.5458441,-35.713957,319.5335373,-36.5532477,0,S0,,,,,-2,0.4,,1.027,0.079,0.526,0.057,163,,,,,14.944,0.32,,,,,10.08,0.047,,,,,,46.92,5.14,,,,,6003.2,7.4,6348.5,60,6008.4,30,1.062,0,90,0.83,1.125,13.792,,,,23.733,46.92,,,,,,6041.1,6001.7,5909.5,5863.3,34.678,0.184,34.74,0.06,34.734,0.057,-20.942,0.325
UGC03108,15708,G ,4.5817538,43.9381503,4.6412028,44.0371111,159.9164694,-1.934279,0.5360881,-22.6189579,0,Sb,,,,D,3.1,1.1,,1.04,0.043,0.143,0.032,154.73,,,,,18,0.5,,,12.252,0.064,9.54,0.029,14.799,0.122,12.506,,,129.65,4.11,,,,,3957.9,3.6,3960.3,6,3958.5,2.3,4.149,0.216,45.96,0.02,1.424,13.605,10.426,,,26.693,180.34,5.98,,,14.777,1.172,4082.8,4029.4,4040.9,3889.6,33.845,0.269,33.531,0.06,33.531,0.06,-19.925,0.504
UGC03151,15937,G ,4.7093291,10.9772084,4.7554529,11.0679118,187.1063858,-21.6657181,334.3147797,-48.2021695,0,Sbc,,,,,4,2,,1.21,0.038,0.522,0.028,95,25,0.389,,,16.5,0.5,,,,,9.913,0.025,16.945,0.364,,,,227.07,7.66,,,,,4741,7.1,4377,9.8,4617.3,122,2.113,0.803,78.39,0.08,1.388,13.554,,,,25.382,231.82,7.85,,,16.862,3.308,4604.5,4579.8,4521.4,4567.6,34.093,0.247,33.913,0.055,33.913,0.055,-20.359,0.503
UGC03218,16537,G ,4.935492,62.1701632,5.0121417,62.2440278,147.8876928,12.1809465,13.4226579,-8.8656451,0,Sb,,,,,3.1,0.5,,1.243,0.035,0.228,0.026,143.02,,,,,14.905,0.327,,,,,9.228,0.034,14.343,0.12,12.127,,,234.07,8.43,,,,,5225.3,4.4,5224.8,6.7,5225.2,2.7,1.772,0.337,56.41,0.03,1.4,12.757,,,,24.477,280.98,10.28,,,14.313,1.556,5397.7,5339.7,5396.8,5177.8,34.472,0.201,34.351,0.034,34.351,0.034,-21.594,0.328
UGC03261,16887,G ,5.1440843,16.9958217,5.192339,17.0559659,185.7472687,-13.031942,347.4585181,-48.4760026,0,Sd,,,,D,7.9,0.8,,1.001,0.047,0.113,0.029,49.02,,,,,15.448,0.32,,,,,10.72,0.122,16.221,0.437,13.218,,,115.79,2.89,,,,,5176.3,5.2,5174,42.5,5176.2,3.6,1.424,0.207,44.44,0.02,1.13,13.805,,,,23.964,165.37,4.4,,,16.199,2.395,5166.5,5143.3,5110.4,5163.2,34.352,0.212,,,34.352,0.212,-20.548,0.384
UGC03329,17509,G ,5.560777,16.6112208,5.6089917,16.6414167,189.4015176,-8.230213,354.7086782,-52.302147,0,Sbc,,,,,4.1,0.8,,1.118,0.041,0.402,0.033,9.96,25.587,0.389,,,16,0.5,,,,,9.811,0.065,16.101,0.42,,,,225.21,5.57,,,,,5264.7,5.4,5253,1.2,5253.6,2.2,2.454,0.636,70.45,0.05,1.333,12.876,,,,24.615,238.99,5.96,,,16.051,3.175,5221.9,5206.3,5185.7,5279.1,34.387,0.209,34.1,0.03,34.1,0.03,-21.224,0.501
UGC03365,18039,G ,5.7905206,66.8077762,5.876509,66.8198887,146.7192123,19.281413,20.3301366,-6.6646263,0,Sa,,,,,1,0.4,,1.255,0.034,0.712,0.028,154.8,,,,,14.903,0.327,,,,,9.965,0.052,16.074,0.12,,,,257.4,9.25,,,,,5151.7,6.2,5150.6,5.3,5151.1,3,0.812,0.503,90,0.83,1.302,13.523,,,,24.27,257.4,,,,15.248,1.725,5319.9,5266.4,5343.5,5136,34.455,0.203,34.73,0.115,34.663,0.1,-21.14,0.342
UGC03375,18089,G ,5.8573304,51.9024995,5.9236985,51.910466,160.8445155,13.0630831,16.6589333,-21.14894,0,Sc,,R,,,5.2,0.6,,1.184,0.042,0.328,0.024,46.33,,,,,14.516,0.325,,,11.512,0.064,9.474,0.039,14.705,0.073,12.704,,,236.28,6.82,,,,,5784.5,4.8,5792.2,3.8,5789.2,3.4,0.91,0.559,64.16,0.04,1.257,13.014,11.111,,,23.552,262.54,7.65,,,14.667,1.653,5900.1,5856.7,5911.7,5797.4,34.678,0.184,33.48,0.22,34.186,0.599,-21.172,0.681
UGC03379,18161,G ,5.8840145,68.4558601,5.9737194,68.4610278,145.3503473,20.4403802,21.2803635,-5.2129318,0,Sb,B,,,,3.1,0.5,,1.216,0.039,0.34,0.028,119.71,,,,,13.71,0.326,,,,,9.836,0.034,14.48,0.12,13.059,,,172.65,6.18,,,,,4113.7,6.2,4113.8,5.3,4113.8,2.8,0.44,0.49,66.9,0.04,1.243,12.75,,,,22.97,187.69,6.78,,,14.437,1.688,4286.5,4232.9,4313.4,4099.9,33.993,0.252,33.66,0.54,33.934,0.228,-21.184,0.397
UGC03432,18747,G ,6.1991646,57.0685997,6.2704565,57.0514887,157.3378668,17.9730557,20.959214,-16.7913311,0,Sc,,,,,5.9,0.5,,0.895,0.07,0.38,0.028,134.67,23.738,0.389,,,15.467,0.318,,,13.682,0.064,11.597,0.076,15.71,0.109,,,,132.59,3.86,,,,,4997.3,4.2,4996.2,3.8,4996.7,2.3,0.455,0.662,67.57,0.04,0.922,14.327,13.481,,,22.942,143.44,4.21,,,15.667,1.339,5119.7,5076,5145.9,5015,34.37,0.211,33.897,0.036,33.897,0.036,-19.57,0.32
UGC03576,19788,G ,6.8209315,50.0957961,6.8852528,50.0341389,166.3008194,20.711555,26.1155761,-24.255595,0,Sb,B,,,,3,0.4,,1.123,0.04,0.261,0.03,133.2,22.091,0.389,,,14.526,0.323,,,,,10.591,0.089,16.29,0.092,,,,161.3,6.06,,,,,5948,5.2,5965.9,2,5963.6,4.6,0.366,0.38,59.87,0.03,1.147,13.736,,,,23.452,186.49,7.1,,,16.257,2.521,6040.5,6009.3,6083.3,6030.7,34.738,0.178,34.776,0.059,34.772,0.056,-21.036,0.328
UGC03595,19884,G ,6.864556,55.4656183,6.9334517,55.4007027,160.9022689,22.6695779,26.5990799,-18.8900582,0,Sb,B,R,,,3,0.4,,1.072,0.082,0.042,0.06,,,,,,15.136,0.321,,,,,11.304,0.053,,,,,,,,,,,,,,7908,26,7908,26,0.229,0.064,25.79,0.02,1.092,14.783,,,,24.162,,,,,,,8008.9,7972.9,8054.2,7963.3,35.345,0.135,35.316,0.056,35.32,0.052,-20.537,0.325
UGC03611,19913,G ,6.903826,20.5044496,6.9532556,20.4374444,195.1720622,10.3797859,27.3158222,-53.8496662,0,S0-a,,,,,0,0.7,,0.983,0.047,0.367,0.029,64.5,,,,,15.052,0.32,,,,,10.507,0.054,16.458,0.713,12.166,,,194.64,12.26,,,,,4985.5,8.7,5085,33,4991.9,18.3,0.363,0.137,76.49,0.07,1.002,14.477,,,,23.496,200.18,12.66,,,16.387,1.909,4922.6,4924.9,4956.7,5129.5,34.281,0.219,34.458,0.076,34.439,0.072,-19.962,0.328
UGC03634,20020,G ,6.9796679,14.2075172,7.0268986,14.135238,201.3967151,8.607529,29.6614588,-60.1113286,0,SBa,B,R,,,1,0.4,,1.045,0.044,0.273,0.035,130.78,,,,,15.5,0.5,,,,,10.112,0.051,,,,,,,,,,,,,,7891,25,7891,25,0.337,0.239,63.65,0.04,1.066,14.826,,,,24.172,,,,,,,7789.3,7800.1,7823.6,8044.7,35.287,0.139,35.153,0.032,35.153,0.032,-20.327,0.501
UGC03683,20220,G ,7.0759914,46.1953347,7.1372129,46.1158128,171.1237651,21.9512894,29.0464313,-28.1031803,0,S0,,,,,-2.1,0.6,,1.301,0.067,0.191,0.062,48.34,22.597,0.389,,,14.052,0.227,,,,,9.177,0.039,,,,,,,,,,286.13,6.97,,,5717.4,23.3,5717.4,23.3,0.4,0,60.56,0.03,1.339,13.567,,,,24.281,,,0.33,0.005,,,5769.4,5745,5820.4,5809.5,34.632,0.187,,,34.632,0.187,-21.065,0.294
UGC03725,20364,G ,7.1311776,49.9461743,7.1949098,49.8627198,167.3863656,23.5309078,29.3987766,-24.3250347,1,E-S0,,,,,-3,0.5,,1.162,0.038,0.271,0.026,142.66,,,,,14.155,0.244,,,,,9.631,0.084,,,15.193,,,,,,,279.83,18.57,,,6170.8,27.1,6170.8,27.1,0.291,0,90,0.83,1.189,13.772,,,,23.673,,,0.323,0.01,,,6239.8,6212,6293,6255.3,34.81,0.173,34.683,0.046,34.691,0.044,-20.919,0.248
UGC03770,20513,G ,7.2078895,23.514465,7.2582365,23.4261556,194.1688426,15.4766577,33.8535082,-50.5461192,0,IAB,B,,,D,9.8,1,,0.946,0.05,0.48,0.028,33.94,23.373,0.389,,,15.358,0.319,,,,,11.251,0.232,15.335,0.232,,,,148.56,5.39,,,,,6378.2,3.6,6377.3,4.3,6377.8,2.1,0.291,0.888,90,0.83,0.954,14.176,,,,22.843,148.56,,,,14.509,0.332,6313.1,6316.6,6363.6,6533.7,34.839,0.171,34.936,0.033,34.936,0.033,-20.76,0.321
UGC03787,20602,G ,7.253612,9.7806947,7.299325,9.6893889,207.2226391,10.2557497,39.4254264,-63.9742377,0,E-S0,,,M,,-3,0.5,,0.936,0.068,0.21,0.028,180,,,,,15.56,0.319,,,,,10.816,0.073,,,,,,,,,,,,,,8580,36,8580,36,0.304,0,68.73,0.05,0.967,15.127,,,,23.958,,,,,,,8448.8,8468.9,8494.5,8762.3,35.466,0.128,35.914,0.077,35.796,0.224,-20.669,0.389
UGC03845,21020,G ,7.383844,47.1946871,7.4451944,47.0939444,171.0001185,25.2699342,32.4857733,-26.7947611,0,Sbc,B,,,,3.7,0.6,,1.145,0.037,0.16,0.023,1.98,21.911,0.389,,,13.522,0.323,,,,,10.915,0.219,15.64,0.092,13.452,,,90.15,4.79,,,,,3031.9,4,3034,3.6,3033,2.1,0.267,0.253,48.02,0.02,1.164,12.983,,,,22.705,121.28,6.55,,,15.618,2.636,3082.9,3060.8,3145,3139.6,33.303,0.345,33.536,0.036,33.536,0.036,-20.554,0.325
UGC03963,21589,G ,7.6282131,51.805519,7.6922667,51.6883056,166.4636677,28.5181766,34.1882711,-21.844442,0,Sd,,,,,7.9,0.8,,1.131,0.037,0.665,0.027,53.75,,,,,16.5,0.5,,,,,11.635,0.042,,,,,,,,,,,,,,20236,46,20236,46,0.241,1.201,90,0.83,1.127,15.007,,,,24.56,,,,,,,20304.3,20279.4,20373.6,20339.8,37.41,0.053,,,37.41,0.053,-22.403,0.503
UGC04195,22695,G ,8.0051906,66.9248784,8.0852278,66.7828611,149.1019481,31.9996019,33.3118763,-6.4914902,0,Sb,B,R,,,3,0.4,,1.187,0.038,0.276,0.026,15.05,22.903,0.389,,,14.515,0.325,,,,,10.375,0.068,15.634,0.12,,,,170.06,6.68,,,,,4879.6,5.3,4888.3,5.5,4883.8,4.1,0.244,0.4,61.33,0.03,1.199,13.834,,,,23.736,193.83,7.69,,,15.599,1.766,5021.2,4982,5090.4,4942.5,34.352,0.213,34.181,0.035,34.181,0.035,-20.347,0.326
UGC04322,23371,G ,8.2612072,62.9880067,8.3338222,62.8305,153.5969647,33.978375,36.1180194,-9.7178931,0,E,,,,,-4.9,0.4,,1.155,0.037,0.171,0.024,51.82,,,,,14.921,0.324,,,,,10.218,0.056,,,,,,,,,,,,,,7364,24,7364,24,0.169,0,90,0.83,1.175,14.641,,,,24.541,,,,,,,7480,7446.8,7558.4,7447.4,35.216,0.144,35.17,0.03,35.17,0.03,-20.529,0.325
UGC04414,23700,G ,8.4029985,21.810502,8.4516563,21.6452736,202.4981389,30.2347002,58.2306706,-46.3560773,0,S0-a,B,R,,,0.2,0.8,,0.998,0.094,0.038,0.047,,21.478,0.972,16.203,0.038,14.412,0.257,13.482,0.257,12.932,0.1,10.676,0.032,16.881,0.42,,0.54,1.03,54.1,3.74,,,,,7561,10.6,7539.4,1.5,7539.8,2.3,0.189,0.023,25.53,0.02,1.015,14.087,12.849,0.43,0.81,23.113,125.54,9.89,,,16.859,2.773,7437.8,7459.4,7543.1,7780.6,35.204,0.144,35.399,0.066,35.364,0.097,-21.278,0.274
UGC04455,23918,G ,8.4833833,-1.0279996,8.5258031,-1.1977411,226.0713317,21.524601,87.4153099,-62.1262793,0,Sa,B,R,,,1,0.4,,0.92,0.046,0.1,0.022,13.4,22.392,0.271,,,15.493,0.878,,,12.953,0.087,11.037,0.154,,,,,,,,,,157.7,23.36,,,9272.3,30.3,9272.3,30.3,0.147,0.096,39.99,0.02,0.93,15.134,12.889,,,23.717,,,,,,,9063.9,9113.6,9163.5,9554.6,35.633,0.119,35.63,0.04,35.63,0.038,-20.496,0.878
UGC04468,24002,G ,8.5028383,41.6966683,8.5585394,41.5254498,179.6823681,36.1102944,47.2209524,-28.4026175,0,S0,,R,M,,-2,0.4,,1.308,0.033,0.361,0.031,164.78,22.554,0.245,16.036,0.011,14.505,0.31,,,12.901,0.083,10.436,0.098,,,,,,,,,,,,,,7409.1,3.2,7409.1,3.2,0.147,0,90,0.83,1.31,14.247,12.836,,,24.733,,,,,,,7410.9,7407,7514.5,7591.9,35.192,0.144,34.51,0.18,34.925,0.341,-20.678,0.461
UGC04974,26520,G ,9.3188297,34.062286,9.3695415,33.8485464,191.0317151,44.8962078,61.2258944,-29.3052524,0,S0,,,,C,-2,0.5,,1.153,0.067,0.097,0.051,16.34,21.038,0.272,15.83,0.013,14.264,0.067,13.274,0.067,13.33,0.81,10.132,0.054,,,,,1,,,,,228.15,7.39,,,6985.6,2,6985.6,2,0.077,0,43.01,0.02,1.158,14.082,13.296,,0.898,23.768,,,0.282,0.008,,,6938.9,6952.9,7075.5,7231.9,35.067,0.153,,,35.067,0.153,-20.985,0.167
UGC05129,27437,G ,9.5848586,25.7203512,9.6327768,25.4947736,203.7009636,46.8826262,70.9454029,-32.809017,0,SBa,B,,,,1.1,0.5,,1.069,0.049,0.286,0.027,104.3,21.904,0.484,15.768,0.091,14.243,0.272,,,12.975,0.071,10.587,0.07,16.18,0.092,,,,143.63,4.21,,,,,4062.2,2.9,4053.3,1.3,4054.7,2.5,0.097,0.256,64.8,0.04,1.066,13.839,12.932,,,23.013,158.75,4.72,,,16.141,2.302,3962.5,3990.5,4112.9,4340,33.888,0.264,33.81,0.03,33.81,0.03,-19.971,0.273
UGC05225,28045,G ,9.7212653,45.9839379,9.7746076,45.7525885,173.29378,49.1250673,56.2732977,-17.3601907,0,E-S0,,,,,-3.5,2.1,,1.068,0.041,0.015,0.024,,20.834,0.328,16.044,0.063,14.697,0.063,13.767,0.063,13.124,0.114,10.565,0.151,,,,0.55,1,,,,,,,,,4752.8,1.6,4752.8,1.6,0.067,0,18.09,0.02,1.077,14.559,13.095,0.52,0.869,23.795,,,,,,,4770.9,4769.9,4906.5,4959.8,34.263,0.221,,,34.263,0.221,-19.704,0.23
UGC05234,28081,G ,9.7347395,16.2745999,9.780425,16.0428333,217.6842467,45.9331502,81.5708356,-37.0362351,0,Sc,,R,,,5.4,1.1,,1.106,0.045,0.167,0.026,111,,,,,14.83,0.322,,,,,10.321,0.076,14.922,0.188,13.508,,,158.21,3.33,,,,,6013.5,3.4,6017,4.7,6014.7,2.2,0.207,0.291,48.3,0.02,1.119,14.298,,,,23.775,211.91,4.65,,,14.9,0.602,5874.1,5916.1,6031.8,6331.6,34.723,0.18,34.981,0.032,34.981,0.032,-20.683,0.324
UGC05378,28949,G ,9.9654371,4.6477204,10.0088832,4.4070964,234.3668251,43.3848398,96.6258327,-39.8922623,0,Sb,,,,,3.1,0.5,,0.987,0.051,0.308,0.025,104.28,,,15.729,0.01,14.316,0.375,,,13.626,0.072,11.371,0.074,15.525,0.189,13.673,,,116.65,2.9,,,,,4159.8,3.3,4190.2,38.1,4160.1,3.1,0.121,0.449,64.14,0.04,0.986,13.716,13.572,,,22.479,129.64,3.26,,,15.487,1.771,3966,4024,4128.8,4505.5,33.888,0.263,33.762,0.042,33.762,0.042,-20.046,0.378
UGC05542,30027,G ,10.224262,60.5346036,10.2813999,60.2848863,150.3593496,47.7834884,48.9827748,-3.9327357,0,E,,,M,C,-4.8,0.7,,0.917,0.056,0.05,0.028,128.94,21.653,0.47,16.322,0.097,14.83,0.275,,,13.141,0.093,10.776,0.053,,,,,,,,,,213.69,30.24,,,9178,3.6,9178,3.6,0.037,0,37.67,0.02,0.921,14.655,13.125,,,23.285,,,,,,,9275.9,9255,9395.3,9316.4,35.692,0.115,35.77,0.11,35.733,0.08,-21.078,0.286
UGC05645,30737,G ,10.3881118,71.6727585,10.4531583,71.4178889,137.4167866,41.4124906,41.2422106,4.1407805,0,Sb,B,R,,,3.1,0.4,,1.027,0.099,0.517,0.049,144.66,,,,,16,0.5,,,,,10.815,0.07,,,12.239,,,,,,,,,,,10493,49,10493,49,0.396,0.715,80.17,0.1,1.043,14.81,,,,24.054,,,,,,,10647.3,10610.4,10741.7,10565.8,35.987,0.101,,,35.987,0.101,-21.176,0.51
UGC06015,32729,G ,10.852357,46.2943931,10.9006673,46.0280089,165.9619459,60.0859516,63.7458596,-8.1517941,0,SABc,B,,,,5.8,0.6,,0.902,0.052,0.1,0.024,171.41,21.882,0.266,16.329,0.075,14.941,0.256,,,13.727,0.076,11.312,0.129,,,,,,,,,,,,,,12430.3,2.5,12430.3,2.5,0.069,0.178,38.22,0.02,0.904,14.638,13.697,,,22.992,,,,,,,12457.3,12460.1,12615.3,12652.7,36.34,0.086,36.515,0.09,36.424,0.062,-21.786,0.264
UGC06211,33914,G ,11.1264761,55.4413575,11.1750943,55.1698794,149.1252447,56.5227057,57.3065401,-1.13896,0,Sbc,B,R,,,4.1,0.5,,0.937,0.051,0.045,0.028,129.36,24.529,0.719,16.554,0.314,15.499,0.503,,,14.021,0.193,11.863,0.249,,,,,,,,,,,,,,17317,5.5,17317,5.5,0.057,0.074,26.32,0.02,0.94,15.256,13.996,,,23.839,,,,,,,17395.5,17384.2,17538.2,17490.3,37.072,0.062,36.97,0.03,36.989,0.051,-21.734,0.505
UGC06332,34630,G ,11.2772796,21.087255,11.3212846,20.8135596,224.6663061,68.0594228,88.9514928,-15.5959842,0,Sa,B,R,,,1,0.4,,1.064,0.084,0.076,0.049,152.31,21.604,0.558,15.688,0.171,14.332,0.318,,,12.637,0.069,10.209,0.12,16.971,0.242,,,,127.31,7.67,,,,,6245,4.9,6221.3,1.8,6224,5.6,0.094,0.073,35.17,0.02,1.069,14.087,12.596,,,23.302,221.03,14.35,,,16.95,2.863,6125.2,6167.1,6320.5,6551.4,34.825,0.172,34.82,0.02,34.82,0.02,-20.733,0.319
UGC06363,34763,G ,11.30609,21.6113864,11.3500765,21.3373166,223.7248288,68.6215539,88.6250645,-15.0149602,0,Sc,,,,,6,0.5,,1.097,0.046,0.637,0.025,57.51,23.06,0.329,15.897,0.168,15.054,0.298,,,13.717,0.059,11.163,0.114,15.915,0.242,,,,165.68,6.73,,,,,6306.8,4.5,6326.1,3.1,6319.8,6.7,0.095,1.094,81.57,0.11,1.081,13.836,13.675,,,23.059,167.49,6.81,,,15.803,1.966,6224.3,6265.5,6419.8,6645.6,34.853,0.169,35.026,0.045,35.014,0.087,-21.178,0.31
UGC06440,35158,G ,11.3908002,2.2592638,11.4336147,1.9841591,260.1753498,57.5833992,108.099026,-20.7879701,0,Sbc,B,,M,,3.7,0.7,,1.045,0.044,0.204,0.026,42.11,22.45,0.358,15.569,0.221,14.546,0.261,,,13.214,0.077,10.903,0.119,16.419,0.212,14.028,,,176.77,9.36,,,,,6836.3,4.5,6822.7,3.9,6828.5,5.3,0.153,0.323,53.48,0.03,1.052,14.026,13.147,,,23.15,219.98,11.8,,,16.391,2.365,6645.2,6711.1,6841.6,7193.4,34.989,0.159,,,34.989,0.159,-20.963,0.306
UGC06527,3167424,? ,11.4981961,53.221449,11.5439933,52.9453052,147.1502793,60.3197951,60.7909543,0.6897054,0,,,,,,,,,,,,,,,,14.644,0.014,14.55,0.384,13.465,0.008,,,,,,,,0.364,0.963,,,,,156.22,25.8,,,8016.5,60,8016.5,60,0.062,,,,,14.408,,,,,,,,,,,8088.7,8081.1,8240.1,8201.4,35.401,0.133,,,35.401,0.133,-20.993,0.406
UGC06588,35966,G ,11.5771686,15.7094112,11.6204201,15.4325717,243.321308,69.1720005,95.7725376,-13.7040963,0,Sbc,,,,,4,0.3,,1.121,0.034,0.444,0.024,143.25,,,16.142,0.018,14.885,0.288,,,13.678,0.298,11.6,0.069,16.154,0.143,,,,124.22,1.84,,,,,4037.6,3.6,4024.5,12.1,4036.5,3.6,0.144,0.693,73.35,0.06,1.116,14.023,13.615,,,23.447,129.66,1.94,,,16.096,2.073,3918.6,3967.9,4120.1,4376.6,33.888,0.263,,,33.888,0.263,-19.865,0.39
UGC06853,37218,G ,11.8367162,29.6070672,11.8798148,29.3289054,199.8340733,76.9047606,83.9615859,-5.3054433,0,S0,,,,,-2,0.5,,0.998,0.048,0.186,0.034,37.54,22.088,0.265,16.209,0.071,14.822,0.322,,,13.028,0.092,10.49,0.069,16.979,0.242,,,,230.93,13.91,,,,,8662,4.9,8602.8,3.2,8620.7,19.2,0.091,0,59.36,0.03,1.001,14.602,12.988,,,23.534,268.41,16.44,,,16.946,2.344,8578.5,8607.7,8773.6,8914,35.541,0.124,,,35.541,0.124,-20.939,0.345
UGC07224,38990,G ,12.1794178,21.9122743,12.221739,21.6342946,243.2106961,79.7307,92.7946687,-3.5629281,0,E,,,,,-4.9,0.4,,1.053,0.092,0.107,0.05,9.34,21.764,0.208,15.876,0.084,14.64,0.449,,,12.792,0.088,,,,,,,,,,,,,,,,7301.7,4.1,7301.7,4.1,0.118,0,57.62,0.03,1.068,14.413,12.741,,,23.764,,,,,,,7231.2,7270.9,7435.2,7614.5,35.18,0.146,,,35.18,0.146,-20.767,0.472
UGC07228,39013,G ,12.185233,46.7718992,12.2268833,46.4939722,141.5434547,69.2436588,69.2362412,4.4334915,0,Sb,,,,,2.9,1.9,,1.05,0.04,0.446,0.032,180,,,,,15.04,0.321,,,,,11.136,0.051,,,,,,,,,,,,,,7568,18,7568,18,0.081,0.608,75.37,0.07,1.039,14.294,,,,23.33,,,,,,,7621.3,7623.2,7791,7779.5,35.276,0.139,,,35.276,0.139,-20.981,0.35
UGC07357,39640,G ,12.2782948,22.7089844,12.3204013,22.4314768,243.9049209,81.3132406,92.4650664,-2.0108203,0,Sc,B,,,,5.3,0.6,,0.962,0.064,0.165,0.032,79.15,24.595,0.193,15.751,0.012,15.305,0.359,,,14.005,0.23,12.268,0.192,16.153,0.151,,,,18.04,0.46,,,,,6681.6,3.1,6686.2,3.8,6683.4,1.8,0.116,0.285,48.02,0.02,0.966,14.868,13.954,,,23.537,24.27,0.65,,,16.132,1.264,6620,6658.3,6823.8,6991.4,34.989,0.159,35.322,0.044,35.298,0.166,-20.43,0.395
UGC07934,43011,G ,12.7205505,35.3569418,12.7607369,35.0838147,131.424697,81.9487382,81.9302302,7.0892457,0,Sab,,,,,1.5,3.5,,1.032,0.087,0.314,0.07,84.61,,,17.254,0.019,15.356,0.806,,,14.45,0.114,12.007,0.097,16.157,0.297,,,,192.75,14.32,,,,,9681,6,9665.2,3.3,9668.8,5.2,0.072,0.332,66.77,0.04,1.026,14.855,14.419,,,23.861,209.75,15.76,,,16.115,1.26,9681.6,9699.3,9871.9,9918.9,35.798,0.11,35.94,0.04,35.923,0.071,-21.068,0.809
UGC08162,45085,G ,13.0178591,50.8889062,13.0544829,50.6207597,118.2415346,66.3996878,67.1208324,13.3717218,0,Sc,B,,M,,5.9,0.7,,0.84,0.065,0.044,0.026,,22.542,0.35,15.803,0.233,15.362,0.432,,,14.076,0.156,12.289,0.139,,,,,,,,,,,,,,7080.6,3.9,7080.6,3.9,0.075,0.077,25.69,0.02,0.845,15.178,14.043,,,23.214,,,,,,,7174.6,7167.1,7334.7,7252.2,35.143,0.148,35.11,0.02,35.11,0.02,-19.932,0.433
UGC08399,46657,G ,13.3238105,31.4986019,13.3626254,31.2372891,66.57639,82.2136701,87.3710928,13.6639715,0,Sb,B,R,M,,3,0.4,,0.934,0.05,0.221,0.027,48,21.799,0.22,16.551,0.082,14.945,0.3,,,13.837,0.093,11.546,0.064,16.299,0.267,12.595,,,41.28,2.36,,,,,7263.2,4.9,7221.9,6.2,7247.3,14.5,0.061,0.323,55.8,0.03,0.931,14.506,13.81,,,22.989,49.91,2.88,,,16.269,1.763,7263.7,7283.5,7455.5,7489,35.18,0.146,35.393,0.026,35.393,0.026,-20.887,0.302
UGC08472,47318,G ,13.4458126,11.5339764,13.4871227,11.2758641,334.0084131,71.8290879,107.7306026,11.147878,0,S0,,R,,,-1.9,0.6,,0.988,0.101,0.54,0.072,44.3,22.511,0.286,16.339,0.013,15.12,0.339,,,13.386,0.07,10.749,0.139,,,,,,,,,,,,,,6577,3.9,6577,3.9,0.146,0,90,0.83,0.982,14.876,13.322,,,23.712,,,,,,,6508.4,6554.4,6710.5,6865.5,34.949,0.162,35.223,0.049,35.2,0.137,-20.325,0.366
UGC08527,47686,G ,13.5069186,9.7768562,13.5484025,9.5204448,333.9485325,69.8546444,109.6920267,11.59648,0,Sd,,,,,7.8,1,,1.028,0.045,0.607,0.027,15.76,22.325,0.184,16.767,0.019,15.052,0.32,,,13.535,0.258,10.897,0.062,15.703,0.169,12.922,,,188.53,5.04,,,,,6978.5,3.6,6984.1,3.4,6981.4,2.9,0.135,1.096,90,0.83,1.016,13.804,13.475,,,22.714,188.53,,,,14.877,1.073,6908,6955.7,7109.2,7269.6,35.08,0.153,,,35.08,0.153,-21.276,0.355
UGC08539,47740,G ,13.5201072,33.2984568,13.5580628,33.0424047,68.5237358,79.1604565,85.9431865,16.4057777,0,SBb,B,,M,,3,1.7,,1.192,0.048,0.333,0.029,3.52,22.316,0.548,15.689,0.008,14.291,0.277,,,12.875,0.072,10.371,0.067,15.289,0.263,13.809,,,188.59,10.15,,,,,7369,6.1,7333.7,3,7340.6,10.1,0.082,0.475,66.42,0.04,1.187,13.679,12.839,,,23.45,205.76,11.14,,,15.247,1.568,7372.9,7388.7,7560.4,7567.1,35.216,0.144,,,35.216,0.144,-21.537,0.312
UGC08561,47872,G ,13.5448743,34.2994381,13.5825717,34.0440967,72.0555698,78.370199,84.9533112,16.8503643,0,Sc,,,M,,5.8,0.7,,1.073,0.045,0.13,0.023,135.1,21,0.27,15.086,0.047,13.837,0.315,,,12.947,0.071,10.638,0.051,15.15,0.281,11.877,,,118.37,5.04,,,,,7119.2,5.5,7089.8,3.8,7099.3,9.9,0.05,0.229,43.04,0.02,1.072,13.526,12.925,,,22.685,173.43,7.59,,,15.129,1.602,7137.1,7151.2,7323,7321.2,35.143,0.148,,,35.143,0.148,-21.617,0.348
UGC08584,3167699,? ,13.560889,-0.7808486,13.60372,-1.0357,325.6664943,59.84445,120.2777345,9.6267856,1,,,,,,,,,,,,,,,,,,15.4,0.5,,,,,,,,,,,,,,,,,,,,17858.6,45,17858.6,45,0.119,,,,,15.102,,,,,,,,,,,17743.5,17802.7,17939,18155.9,37.122,0.061,,,37.122,0.061,-22.02,0.504
UGC08670,48478,G ,13.6592124,41.1264025,13.6950668,40.8744714,89.1457705,72.7919276,77.9733428,18.9316373,0,SABc,B,,,D,6.6,0.7,,0.987,0.047,0.065,0.03,97.4,23.319,0.585,16.153,0.492,15.386,0.273,,,14.059,0.134,12.023,0.186,,,,,,,,,,,,,,18030.9,5.7,18030.9,5.7,0.03,0.117,31.09,0.02,0.987,15.175,14.046,,,23.928,,,,,,,18102.9,18106.3,18277.3,18222.1,37.165,0.059,,,37.165,0.059,-21.99,0.279
UGC08690,48693,G ,13.7007138,5.0263834,13.7427333,4.7758002,334.8077913,64.3083348,115.139653,13.198447,0,Sc,,,,D,5.9,0.4,,0.833,0.049,0.22,0.102,155.71,22.709,0.389,15.565,0.033,15.125,0.362,,,13.749,0.1,11.908,0.146,16.072,0.21,,,,100.03,4.47,,,,,7015.3,3.8,6938,33,7014.3,6.8,0.107,0.388,54.23,0.03,0.834,14.598,13.702,,,22.597,123.29,5.79,,,16.043,1.445,6929.9,6981.3,7126.8,7298.1,35.08,0.152,,,35.08,0.152,-20.482,0.392
UGC09391,52091,G ,14.5537908,59.5560986,14.5769423,59.3382333,101.1807628,53.2139979,57.4473481,26.0779272,0,Sd,B,,M,D,8.1,0.5,,0.98,0.05,0.097,0.035,29.75,21.502,3.993,16.869,0.687,14.877,0.072,14.357,0.072,14.773,0.19,,,15.361,0.168,,0.005,0.47,49.87,1.7,,,,,1912.4,5.6,1904.4,2.5,1905.7,2.6,0.044,0.177,41.23,0.02,0.98,14.651,14.753,,0.479,23.321,75.66,2.78,,,15.34,0.689,2074.9,2046.6,2200.1,1986,32.546,0.493,33.001,0.025,33.001,0.025,-18.35,0.076
UGC09425,3167828,? ,14.5949989,30.6971197,14.63078,30.4814,47.4719278,66.5046965,89.9531646,29.815262,1,,,,,,,,,,,,,,,,,,15,0.5,,,,,,,,,,,,,,,,,,,,10408.8,33,10408.8,33,0.055,,,,,14.841,,,,,,,,,,,10476.6,10485.8,10648,10583,35.961,0.102,36.144,0.035,36.125,0.092,-21.284,0.508
UGC09766,54200,G ,15.1706564,61.3106553,15.1883898,61.1233292,98.1283265,48.7207529,53.9119403,29.8367331,0,SBbc,B,R,,,3.8,0.7,,1.115,0.069,0.445,0.054,170.81,22.476,0.282,16.649,0.084,15.298,0.297,,,14.092,0.09,11.704,0.106,,,,,,,,,,,,,,13525.4,5.3,13525.4,5.3,0.066,0.678,73.8,0.06,1.103,14.466,14.063,,,23.844,,,,,,,13716,13681.4,13828.1,13575.4,36.541,0.078,,,36.541,0.078,-22.075,0.307
UGC09798,54516,G ,15.2374058,7.5801173,15.2782833,7.397,9.891204,50.3420494,118.6950585,36.0247225,0,S0-a,,,,,-0.1,0.4,,1.066,0.045,0.319,0.034,166.26,,,,,15.337,0.321,,,,,10.696,0.095,,,,,,,,,,,,,,11300,70.2,11300,70.2,0.16,0.112,71.08,0.05,1.066,14.896,,,,24.23,,,,,,,11307.2,11336.5,11465.5,11469.3,36.13,0.096,35.807,0.094,35.966,0.161,-21.07,0.359
UGC10018,55880,G ,15.7226484,67.9169182,15.7276472,67.7608056,102.6098556,41.9275953,45.2897721,29.6801299,0,SBbc,B,R,,,3.6,0.6,,1.032,0.045,0.054,0.025,,,,,,14.943,0.321,,,,,11.04,0.16,16.793,0.272,,,,24.06,1.17,,,,,8750.5,6.2,8750,10.2,8750.4,3.9,0.132,0.087,28.96,0.02,1.042,14.667,,,,23.746,49.69,2.6,,,16.772,2.105,8966.9,8922,9057.1,8761.3,35.613,0.12,,,35.613,0.12,-20.946,0.342
UGC10030,56025,G ,15.7404891,-0.8312028,15.78345,-0.9851433,6.5486448,39.3037285,131.831428,40.6731954,0,Sab,B,R,M,,2.3,0.6,,1.116,0.035,0.271,0.022,168.99,,,16.394,0.015,15.127,0.348,,,13.052,0.118,10.561,0.153,16.04,0.092,13.165,,,94.97,4.33,,,,,8959.9,5.3,8916.5,2.5,8924.2,11.8,0.425,0.352,61.58,0.04,1.145,14.261,12.865,,,24.043,107.98,4.96,,,16.005,1.744,8925.3,8956,9060,9057.4,35.613,0.12,35.46,0.04,35.475,0.076,-21.214,0.356
UGC10244,57341,G ,16.1381126,43.2585242,16.1654054,43.1290549,68.1771986,47.0977804,69.8217368,45.4893762,0,Sbc,,,,,3.8,1.2,S3,1.018,0.045,0.52,0.028,128.96,22.069,0.26,17.026,0.092,15.411,0.29,,,14.088,0.063,10.849,0.081,,,,,,,,,,,,,,9857.2,3.8,9857.2,3.8,0.064,0.782,78.73,0.08,1.003,14.501,14.06,,,23.355,,,,,,,10035.8,10011.2,10151.2,9898.1,35.863,0.107,35.761,0.037,35.772,0.035,-21.271,0.292
UGC10301,57641,G ,16.2279215,31.4447817,16.260492,31.3213049,51.0803445,45.6438122,85.9174771,50.5446855,0,Sb,B,,,,3.1,0.6,,1.028,0.043,0.583,0.028,10.24,22.188,0.552,17.41,0.183,15.744,0.314,,,14.851,0.068,12.12,0.103,16.125,0.125,,,,141.95,3.38,,,,,6664.2,4.1,6654.8,3.7,6659,3.8,0.144,0.797,86.48,0.26,1.018,14.753,14.788,,,23.711,142.22,3.39,,,15.862,1.109,6807.2,6794.2,6927.2,6711.8,35.016,0.157,,,35.016,0.157,-20.263,0.351
UGC10432,58395,G ,16.4831673,41.317271,16.510845,41.2105694,65.2316007,43.3399364,69.7893368,49.78115,0,Sb,,,,,3,0.4,,1.157,0.034,0.718,0.029,179.18,24.785,0.426,17.775,0.518,15.893,0.359,,,14.228,0.478,11.489,0.045,,,,,,,,,,,,,,9735.9,6.6,9735.9,6.6,0.051,0.937,90,0.83,1.133,14.832,14.205,,,24.337,,,,,,,9923.6,9896.6,10029,9755.7,35.835,0.108,,,35.835,0.108,-21.003,0.375
UGC10483,58525,G ,16.6017866,76.1300268,16.57469,76.029503,108.9527111,34.2905262,35.4151045,26.9237973,1,Sbc,,,,,3.8,3,,1.032,0.1,0.346,0.06,130.62,,,,,16,0.5,,,,,11.855,0.07,,,,,,,,,,,,,,12201.6,60,12201.6,60,0.22,0.539,66.67,0.04,1.039,15.163,,,,24.291,,,,,,,12439.6,12384.4,12504,12172.8,36.318,0.087,36.2,0.04,36.22,0.059,-21.058,0.503
UGC10553,58981,G ,16.7596554,40.3328554,16.7874437,40.2450288,64.095854,40.1621756,68.5740259,52.9813052,0,Sab,B,,M,,2.3,0.9,,0.992,0.092,0.319,0.051,146.64,21.773,0.385,16.21,0.008,14.898,0.282,,,13.52,0.06,10.986,0.085,15.911,0.6,,,,276.05,15.7,,,,,8915.5,6.5,8852.5,3.1,8864.3,17.4,0.088,0.406,66.13,0.04,0.987,14.315,13.481,,,23.127,301.86,17.35,,,15.87,1.555,9060.9,9031.3,9157.1,8865.3,35.633,0.119,,,35.633,0.119,-21.318,0.306
UGC10704,59458,G ,17.0808161,79.105836,17.0303504,79.0377371,111.4862625,31.7060204,32.1720831,25.276801,0,Sbc,,,,,3.8,3,em,1.008,0.048,0.273,0.037,154.41,,,,,15.743,0.41,,,,,11.475,0.047,,,,,,,,,,,,,,19319.5,40.6,19319.5,40.6,0.195,0.429,60.43,0.03,1.015,14.994,,,,24.037,,,,,,,19562.2,19504,19617.8,19278.8,37.326,0.055,37.05,0.03,37.112,0.138,-22.118,0.433
UGC10738,59769,G ,17.1440998,5.9125117,17.1849502,5.8521138,26.4997576,24.9515621,134.7327023,62.6812978,0,Sbc,,,,,4.1,0.3,,1.08,0.044,0.53,0.028,49.22,,,,,15.434,0.322,,,12.872,0.064,10.206,0.028,15.813,0.091,13.913,,,281,7.87,,,,,6719.2,4.3,6715.9,2.1,6716.6,1.2,0.686,0.819,78.8,0.09,1.123,13.885,12.57,,,23.649,286.45,8.05,,,15.728,1.843,6821.3,6820.7,6896.8,6712.8,35.016,0.157,35.179,0.048,35.165,0.082,-21.28,0.332
UGC10743,59782,G ,17.1516972,8.0544561,17.191859,7.9945757,28.6680202,25.8255295,130.3999173,63.5560984,0,Sa,,,,,1,0.5,,1.134,0.041,0.338,0.029,112,22.74,0.389,,,14.725,0.323,,,,,10.402,0.056,16.216,0.186,12.045,,,89.15,4.08,,,,,2568,4.6,2744,45.6,2569.8,13,0.695,0.287,70.2,0.05,1.186,13.711,,,,23.78,94.75,4.36,,,16.166,2.456,2683.1,2680.2,2759.6,2563.7,33.036,0.393,33.053,0.042,33.053,0.042,-19.343,0.326
UGC11064,61173,G ,17.9284812,27.8386264,17.9613995,27.8346306,53.4476921,23.3167038,71.6351947,72.0249941,1,Sc,,,,,5.9,0.4,,1.25,0.065,0,0.047,,,,,,14.404,0.327,,,,,10.191,0.115,15.791,0.224,13.69,,,101.16,3.13,,,,,7043,7.3,7042.8,4.7,7042.8,2.5,0.247,0,0,0.02,1.273,14.125,,,,24.392,,,,,15.769,1.644,7257.3,7221.7,7304.6,6957.1,35.131,0.149,35.046,0.036,35.046,0.036,-20.92,0.329
UGC11149,61514,G ,18.1653403,49.8516624,18.186076,49.8644817,77.6761484,26.6733901,38.699859,54.7053955,0,,,,,,,,,1.05,0.041,0.215,0.027,152.51,,,,,15.288,0.173,14.18,0.1,,,11.092,0.19,,,,,,,,,,180.94,8.74,,,16254.6,14.5,16254.6,14.5,0.175,,53.7,0.03,,14.951,,,,24.28,,,,,,,16516.3,16461.9,16560.6,16159.7,36.947,0.066,36.887,0.044,36.906,0.037,-21.954,0.177
UGC11198,61722,G ,18.2791153,16.2278028,18.3164436,16.2494966,44.0776098,14.3695647,111.643556,81.3243615,0,Sab,,,,,2,0.3,,1.103,0.042,0.615,0.029,49.8,,,,,15.03,0.322,,,,,10.565,0.062,,,,,,203.01,8.7,,,,,4529,6.4,4516.3,9.5,4525,5.7,0.802,0.667,90,0.83,1.154,13.516,,,,23.496,203.01,,,,,,4720.2,4689.3,4744.1,4410.3,34.189,0.229,34.026,0.05,34.026,0.05,-20.51,0.326
UGC11260,61966,G ,18.4767985,34.0669853,18.5070622,34.1027526,62.3220089,18.8528328,42.0875151,70.7910924,1,SBa,B,,,,1.1,0.6,,0.957,0.053,0.193,0.03,163,,,,,15.497,0.277,,,,,11.181,0.089,,,,,,,,,,,,,,6184,10.2,6184,10.2,0.28,0.179,54.24,0.03,0.976,14.961,,,,23.806,,,,,,,6433.5,6384.7,6458.8,6056.5,34.867,0.168,35.2,0.044,35.179,0.167,-20.218,0.323
UGC11491,63761,G ,19.8563899,58.8471258,19.8719236,58.9776506,91.8319677,15.6853874,15.9767277,45.4568427,0,SABc,B,,,,5.9,0.4,,0.987,0.045,0.518,0.033,160.8,,,,,16,0.5,,,,,11.488,0.045,,,,,,,,,,,,,,10013,42.4,10013,42.4,0.454,0.896,75.63,0.07,1.009,14.605,,,,23.677,,,,,,,10310.5,10237.9,10310.4,9852.8,35.89,0.106,,,35.89,0.106,-21.285,0.511
UGC11723,66579,G ,21.2950896,-1.8967529,21.3381807,-1.6842554,50.3337088,-33.4643735,273.8569279,50.1164301,0,Sb,,,,,3,0.4,,1.197,0.03,0.691,0.027,28.43,,,,,14.813,0.325,,,12.766,0.106,9.994,0.045,15.451,0.094,12.17,,,204.62,6.04,,,,,4895.7,3.9,4872.3,30,4895.3,3.4,0.208,0.908,90,0.83,1.189,13.661,12.675,,,23.494,204.62,,,,14.624,0.964,5100.8,5045.2,4964.1,4571.8,34.299,0.219,34.26,0.03,34.26,0.03,-20.599,0.326
UGC11758,66880,G ,21.4760861,13.7655068,21.5160074,13.986199,66.748686,-26.3291544,299.1181443,52.3279581,0,Sbc,,,,,4.2,1.4,,1.123,0.039,0.715,0.027,60.29,,,,,15.426,0.323,,,,,10.357,0.065,16.121,0.42,,,,302.64,11.02,,,,,8614,6.5,8613.4,3.4,8613.5,0.4,0.391,1.089,90,0.83,1.131,13.89,,,,23.551,302.64,,,,15.295,1.405,8876.7,8804.6,8748.3,8280.1,35.53,0.124,35.08,0.18,35.385,0.225,-21.495,0.394
UGC11799,67246,G ,21.693671,43.4643938,21.7264229,43.6942103,90.7505977,-7.1325711,343.4287356,44.6788027,0,SBc,B,,,,4.5,1.5,,1.07,0.041,0.163,0.028,32.26,,,,,16,0.5,,,,,10.369,0.086,16.042,0.272,,,,158.05,5.5,,,,,5340.9,4.9,5341.9,9.6,5341.1,3.2,1.94,0.273,48.1,0.02,1.246,13.758,,,,24.786,212.36,7.6,,,16.02,2.262,5656.4,5570.3,5576.1,5064.2,34.553,0.195,34.45,0.54,34.541,0.183,-20.783,0.532
UGC11994,68617,G ,22.3105033,33.0431392,22.3480805,33.2953014,90.0770953,-19.8016255,327.101367,40.5331192,0,Sbc,,,,,4.1,0.4,,1.322,0.036,0.865,0.041,121,,,,,14.891,0.329,,,12.462,0.064,10.153,0.027,15.318,0.201,12.989,,,199.47,4.92,,,,,4879.2,4.1,4897,60,4879.3,3.1,0.336,1.26,90,0.83,1.319,13.263,12.314,,,23.81,199.47,,,,14.492,1.228,5183,5095.2,5062.9,4555.3,34.335,0.214,34.04,0.036,34.04,0.036,-20.777,0.331
UGC12071,69095,G ,22.5015775,30.5777939,22.5401301,30.8355522,90.7490249,-23.2100237,323.6084815,38.3569277,0,SBb,B,,,,3.1,0.5,,1.023,0.044,0.34,0.028,26.01,22.526,0.362,16.294,0.019,15.051,0.271,,,13.573,0.072,,,16.641,0.21,,,,185.08,6.85,,,,,10396.2,3.8,10396.9,2.6,10396.7,,0.369,0.49,66.89,0.04,1.044,14.114,13.41,,,23.349,201.23,7.5,,,16.599,2.485,10694.9,10607,10564.8,10063,35.943,0.103,36.092,0.039,36.073,0.074,-21.959,0.281
UGC12089,69180,G ,22.537266,50.1542926,22.5717278,50.4129444,101.7428172,-6.7305641,347.4179861,34.1995474,0,Sbc,,,,,4,0.3,,0.988,0.096,0.421,0.047,171.54,,,,,15.651,0.32,,,,,11.637,0.069,16.41,0.092,,,,89.78,5.98,,,,,9313,8.5,9312.3,14.9,9312.8,5.1,0.946,0.659,71.85,0.05,1.06,13.985,,,,23.587,94.48,6.32,,,16.356,2.372,9624.8,9535.8,9543.8,9047.6,35.722,0.114,,,35.722,0.114,-21.737,0.339
UGC12133,69428,G ,22.6171686,8.3517479,22.6589171,8.6126394,76.4771635,-42.0599052,296.0991424,34.8197066,0,Sc,,,,,5.8,0.5,,1.203,0.035,0.886,0.044,40.22,23.646,0.389,,,15.631,0.276,,,13.622,0.242,10.841,0.119,16.37,0.092,,,,211.9,3.15,,,,,7422.3,3.4,7391,60,7422.2,2.5,0.521,1.475,90,0.83,1.216,13.602,13.393,,,23.732,211.9,,,,15.544,1.942,7661.4,7586.6,7490.4,7055.9,35.192,0.145,35.317,0.041,35.308,0.063,-21.706,0.283
UGC12158,69533,G ,22.6624664,19.7350066,22.7029139,19.997,85.9247679,-33.4261637,310.0253744,36.0193854,0,Sb,,,,D,3.1,0.4,,1.014,0.046,0.041,0.026,,,,,,15.246,0.32,,,,,11.014,0.151,15.759,0.129,,,,68.29,1.91,,,,,9289.6,3.9,9288.1,3.4,9288.8,1.6,0.238,0.063,25.47,0.02,1.035,14.875,,,,23.987,158.8,5.22,,,15.738,0.862,9562,9478.6,9406.7,8931.2,35.693,0.115,35.46,0.03,35.475,0.116,-20.6,0.341
UGC12461,70868,G ,23.2223792,4.855514,23.264774,5.1284793,83.7479145,-50.3299591,294.7409108,25.220662,0,S0,,,,,-1.9,0.5,,0.938,0.118,0.091,0.063,155,,,,,15.649,0.304,,,,,10.828,0.145,15.563,0.255,,,,56.49,2.57,,,,,9894.4,4.5,9884.4,5.6,9890.5,4.2,0.306,0,41.56,0.02,0.969,15.194,,,,24.081,85.15,4.29,,,15.541,0.347,10106.1,10033,9918.2,9520.7,35.807,0.109,,,35.807,0.109,-20.613,0.323
UGC12538,71166,G ,23.3121223,33.1254323,23.3527194,33.3995556,102.0858197,-25.791706,326.3249075,27.9715004,0,Sc,,,,,4.7,1.5,,0.961,0.067,0.502,0.037,21.25,,,,,14.656,0.319,,,13.226,0.083,11.316,0.078,16.15,0.197,13.361,,,129.34,3.36,,,,,4900.1,3.9,4903.5,2.3,4902.6,1.7,0.305,0.817,76.15,0.07,0.969,13.507,13.092,,,22.282,133.21,3.48,,,16.081,2.574,5192.5,5102.1,5053.3,4571.7,34.335,0.215,33.44,0.24,33.937,0.447,-20.43,0.55
UGC12859,72995,G ,23.9049727,5.2300014,23.9476517,5.5083549,98.8957012,-54.7961327,297.9217302,15.458577,0,Sbc,,,,,4,0.3,,1.135,0.045,0.435,0.027,98,,,,,15.424,0.323,,,,,10.974,0.061,16.131,0.15,,,,162.48,4.83,,,,,5402.6,4.2,5402,60,5402.6,2.8,0.24,0.68,72.83,0.06,1.14,14.469,,,,24.071,170.06,5.09,,,16.075,1.606,5601.4,5528.2,5405,5039.8,34.472,0.201,,,34.472,0.201,-20.002,0.38
PGC066592,66592,G ,21.3140683,44.1866605,21.3451333,44.3997222,88.2183932,-3.8102679,347.1278298,47.9763516,0,Sm,,,,,9,2,,1.16,0.153,0.42,0.063,160.67,21.591,0.324,16.34,0.06,15.3,0.06,13.85,0.06,,,8.657,0.101,,,,1.09,1.47,,,,,,,,,3995,108.6,3995,108.6,3.228,0.774,90,0.83,1.447,11.293,,0.347,0.67,23.982,,,,,,,4309.9,4226.2,4241.6,3731.5,33.952,0.262,33.626,0.06,33.626,0.06,-22.333,0.085
PGC029953,29953,G ,10.2068576,55.9166291,10.2617382,55.6675086,156.4610835,50.0849442,52.3317429,-7.1321345,0,Sb,B,R,,,3,0.6,,1.014,0.048,0.157,0.029,30.39,22.395,0.777,15.763,0.306,14.518,0.317,,,13.274,0.054,10.945,0.068,,,,,,,,,,,,,,7307.7,2.5,7307.7,2.5,0.048,0.232,47.97,0.02,1.012,14.182,13.253,,,23.064,,,,,,,7381.2,7367.3,7510,7472.1,35.192,0.144,35.332,0.053,35.315,0.05,-21.133,0.321
NGC5283,48425,G ,13.6614998,67.9241705,13.684925,67.6721389,115.814454,48.7642436,49.6169925,18.8739173,0,S0,,,,,-2,0.5,S2,1.077,0.041,0.064,0.026,131.5,,,,,14.246,0.284,14.05,0.1,,,10.02,0.069,,,,,,,,,,140.66,13.31,,,3134,50.4,3134,50.4,0.082,0,34.93,0.02,1.084,14.117,,,,23.377,,,,,,,3309,3274.3,3421.2,3203.8,33.49,0.319,33.229,0.112,33.258,0.105,-19.141,0.303
IC3917,44205,G ,12.907342,22.6437514,12.9482037,22.3735616,317.8199548,85.0868092,94.9433005,6.33522,0,Sc,,,,,5.1,2.4,,0.741,0.065,0.14,0.025,163.85,20.88,0.185,16.582,0.029,15.624,0.32,,,14.981,0.073,13.038,0.088,16.425,0.207,,,,107.06,4.88,,,,,6665.2,5.3,6653.5,2.2,6655.2,3.4,0.146,0.241,44.66,0.02,0.749,15.201,14.917,,,22.802,152.31,7.11,,,16.403,1.202,6614.1,6649.4,6817.3,6942.8,34.989,0.159,35.773,0.079,35.619,0.392,-20.418,0.506
NGC3392,32512,G ,10.79554,66.0467738,10.850834,65.7815552,140.4976981,47.0306884,47.0594929,2.4980315,0,E,,R,,,-4.2,1.4,S1,0.955,0.148,0.128,0.059,117.45,21.6,0.511,15.956,0.167,14.587,0.36,,,13.021,0.061,10.773,0.053,,,,,,,,,,150.95,38.7,,,3231.6,1.6,3231.6,1.6,0.058,0,58.27,0.03,0.959,14.481,12.996,,,23.219,,,,,,,3360.6,3332.6,3473.6,3341.2,33.515,0.312,,,33.515,0.312,-19.034,0.477
NGC7549,70832,G ,23.213349,18.7689684,23.2547968,19.0417755,93.5559647,-38.284203,309.9750434,28.1596314,0,Sc,B,,,,5.9,0.8,,1.267,0.034,0.393,0.035,33,23.306,0.321,15.986,0.014,14.077,0.154,,,12.776,0.089,10.29,0.027,16.41,0.092,12.307,,,111.66,3.7,,,,,4686.1,3.5,4709.2,3.6,4697.1,8.3,0.633,0.684,68.4,0.05,1.311,12.739,12.497,,,23.389,120.09,4.02,,,16.365,3.626,4958.2,4874.1,4790,4335.4,34.208,0.227,,,34.208,0.227,-21.469,0.274
PGC057064,57064,G ,16.0534324,17.9656288,16.0909018,17.8310327,31.7200115,44.5055956,107.210004,49.4407216,0,S?,,,M,,2.6,4.2,,0.841,0.058,0.562,0.028,118.42,,,18.991,0.064,17.507,0.5,,,15.832,0.074,12.621,0.255,,,,,,,,,,,,,,10261.1,4.1,10261.1,4.1,0.217,0.705,87.86,0.42,0.838,16.509,15.737,,,24.633,,,,,,,10353.7,10358.4,10483.1,10347,35.934,0.104,36.371,0.079,36.21,0.218,-19.702,0.546
PGC045981,45981,G ,13.1883539,7.2272102,13.2303467,6.9626618,318.708607,69.1459604,110.9841546,6.3807805,0,Sc,,,,,5.1,2.6,,0.85,0.066,0.25,0.028,146.75,,,17.087,0.02,15.675,0.499,,,15.106,0.078,13.415,0.205,17.132,0.21,,,,109.81,4.85,,,,,7185,4.3,7178.6,3.6,7181.2,2.9,0.14,0.428,57.53,0.03,0.853,15.068,15.045,,,23.186,130.15,5.82,,,17.101,2.032,7082.2,7135.6,7286.5,7489.8,35.131,0.149,36.075,0.032,36.075,0.032,-21.007,0.5
PGC019325,19325,G ,6.5568214,49.8929017,6.6212806,49.8501389,165.5906578,18.2462658,23.3138666,-24.3240236,0,,,,,,,,,0.66,0.077,0.16,0.028,113.5,,,,,16.02,0.586,,,,,13.282,0.134,,,,,,,,,,,,,,5786,60,5786,60,0.505,,47.21,0.02,,15.457,,,,23.06,,,,,,,5868.7,5834.7,5902.3,5838.6,34.663,0.185,34.71,0.04,34.71,0.04,-19.253,0.587
PGC056443,56443,G ,15.9057886,20.1963313,15.9426835,20.0524037,33.7015309,47.2357668,103.7222819,47.4392718,0,S0-a,,,,,-0.2,1,,1.028,0.067,0.078,0.044,30.24,21.397,0.231,16.289,0.046,14.763,0.164,,,13.123,0.063,10.643,0.076,,,,,,,,,,,,,,9617.9,2.1,9617.9,2.1,0.218,0.023,36.41,0.02,1.043,14.378,13.027,,,23.605,,,,,,,9711,9715.5,9846.2,9713.6,35.789,0.11,35.817,0.051,35.812,0.046,-21.434,0.17
NGC6146,58080,G ,16.3915451,41.0055248,16.4195407,40.8926984,64.788226,44.3721721,70.9589973,49.0141352,0,E,,,,C,-4.8,0.5,,1.22,0.068,0.12,0.05,82.77,21.251,0.49,13.991,0.077,13.511,0.077,12.521,0.077,11.242,0.064,9.525,0.052,,,15.06,0.495,1.02,,,110,21,268.25,8.9,,,8816.8,17.4,8816.8,17.4,0.036,0,60.7,0.03,1.221,13.344,11.226,0.52,0.898,23.468,,,0.289,0.004,,,8999.9,8974.4,9108.7,8843.5,35.623,0.119,,,35.623,0.119,-22.279,0.142
NGC7674,71504,G ,23.423446,8.5035303,23.4657507,8.778993,90.6267576,-48.7850167,299.4249138,23.2121123,0,SBbc,B,R,M,,3.8,0.6,S1h,1.049,0.051,0.046,0.04,165,21.452,0.305,13.896,0.231,13.976,0.231,14.19,0.403,,,9.854,0.082,15.311,0.224,11.355,-0.045,0.79,57.43,2.98,,,142.73,31.72,8706.7,4,8775.8,5.5,8730.6,23.5,0.257,0.075,26.68,0.02,1.071,13.588,,-0.17,0.565,22.876,127.92,7.52,,,15.289,1.702,8954.7,8878.1,8767.7,8361.7,35.541,0.124,,,35.541,0.124,-21.953,0.262
UGC10679,59529,G ,17.0330562,31.5676928,17.0647366,31.4991132,53.7514433,35.5517429,79.5208129,60.1856853,0,SABb,B,,,,3.1,0.4,,1.09,0.044,0.634,0.026,52.29,22.316,0.52,16.943,0.265,15.441,0.272,,,14.193,0.084,11.586,0.114,,,,,,,,,,,,,,10099.9,3.4,10099.9,3.4,0.133,0.851,90,0.83,1.077,14.381,14.134,,,23.653,,,,,,,10285.7,10260.5,10373.5,10087.2,35.908,0.105,,,35.908,0.105,-21.527,0.292
UGC00691,3992,G ,1.0797207,31.8260228,1.125728,32.0928641,126.8971083,-30.6548109,328.2252373,5.698396,0,Sbc,,,,,3.8,3,,0.934,0.059,0.47,0.028,135.75,,,,,16,0.5,,,,,11.983,0.125,16.154,0.21,,,,229.14,10.31,,,,,14706,4.5,14710,28,14706.1,4.1,0.262,0.716,75.38,0.07,0.94,14.927,,,,23.601,236.81,10.69,,,16.088,1.161,14942.4,14857.5,14793.5,14410.3,36.695,0.073,,,36.695,0.073,-21.768,0.505
NGC4374,40455,G ,12.3754303,13.1639869,12.417696,12.8871094,278.2038108,74.4783953,101.9978557,-3.5497975,0,E,,,,,-4.4,1.2,S2,1.87,0.02,0.061,0.031,133.45,,,11.23,0.165,10.011,0.119,9.792,1.321,8.369,0.123,6.249,0.081,13.8,0.27,,0.55,1,120.22,9.19,32.19,30.46,277.59,2.44,910,7.6,1016,3.3,999.2,27.5,0.176,0,39.61,0.02,1.894,9.82,8.291,0.663,0.931,23.229,188.57,15.13,0.292,0.001,13.778,3.959,893.9,944.8,1101.7,1329.1,31.03,0.986,31.546,0.036,31.546,0.036,-21.726,0.124
